车辆标识（车牌）,车辆编码,投放日期,车辆状态,定位更新时间,车辆实施坐标经度,车辆实时坐标纬度,车锁编码
1,2L07570024746,2017/7/7 10:28,正常,2018/6/27 20:12,113.148232,22.982292,1DC1723013731
2,,2017/7/7 18:00,正常,2018/6/27 8:19,113.144797,23.007055,1SC1745191122
3,2L07570017748,2017/7/7 17:32,正常,2018/6/27 7:06,113.111069,22.959011,1DC1723025708
4,NULL,2017/6/29 20:14,正常,2018/6/26 0:46,113.175548,23.058158,1DC1722119196
5,,2017/7/6 9:04,正常,2018/6/27 19:24,113.032065,22.997916,1DC1723079649
6,2L07570039009,2017/7/1 15:48,正常,2018/6/27 20:44,113.1326,23.023924,1DC1723030894
7,2ON174747048,2017/11/25 21:24,正常,2018/6/27 13:56,113.148314,23.031475,1UM1748003322
8,2ON174536421,2017/11/30 14:02,正常,2018/6/16 2:19,113.1892,23.01118,1UM1748004786
9,2ON174537834,2017/11/28 14:12,正常,2018/6/27 20:24,113.11312,23.107815,1UM1748004025
10,2ON174431147,2017/11/29 16:05,正常,2018/6/27 23:06,113.17047,23.018528,1UM1747000306
11,2ON174539762,2017/11/29 8:26,正常,2018/6/27 18:31,113.14598,22.695767,1UM1747001073
12,2ON174748679,2017/11/27 11:14,正常,2018/6/27 7:31,113.14534,23.03829,1UM1746007310
13,2ON174641385,2017/11/29 22:54,正常,2018/6/23 20:37,113.03672,22.949888,1UM1749000878
14,2L07570027483,2017/6/7 9:54,正常,2018/6/27 18:12,113.05973,23.009577,1KB171503791
15,2L07570035756,2017/6/7 9:55,正常,2018/6/19 19:02,113.1152135,22.9622442,1HV180104375
16,2L07570001226,2017/7/3 16:59,正常,2018/6/24 20:26,113.1194862,23.02362576,1JB172441740
17,2CC1746054555,2017/6/7 9:54,正常,2018/6/22 22:42,113.2243799,22.9966279,1HV180102023
18,2L07570037456,2017/7/1 15:48,正常,2018/6/23 22:34,113.1323511,23.0301644,1HB172066698
19,2L00200197091,2017/6/20 21:45,正常,2018/6/18 23:17,113.1102138,23.0459687,1EB171720782
20,2CC1724121938,2017/6/15 18:17,正常,2018/6/27 19:55,113.0771153,22.9601774,1EB171926842
21,,2017/6/15 18:19,正常,2018/6/27 21:45,113.15865,23.038303,1EB172069911
22,2L07570026852,2017/7/7 17:26,正常,2018/6/27 11:28,113.1292584,23.0122442,1JB172520659
23,,2017/7/7 10:31,正常,2018/6/27 20:56,113.25788,22.9560346,1JB172523888
24,2L07570038758,2017/7/11 16:52,正常,2018/6/27 17:32,113.117382,23.0175795,1JB172520692
25,,2017/7/6 12:28,正常,2018/6/27 19:11,113.089905,23.0033,1JB172523683
26,,2017/7/11 17:27,正常,2018/6/26 14:57,113.0999371,23.05886482,1JB172520634
27,2L07570017409,2017/11/30 13:45,正常,2018/6/17 7:06,113.0743397,23.0244822,1HV174505320
28,2L07570036035,2017/7/3 10:43,正常,2018/6/27 21:23,113.1536656,23.0352884,1HV180104533
29,,2017/7/7 9:53,正常,2018/6/26 9:24,113.165924,23.053322,1RB172508803
30,2L00200232316,2017/6/23 22:29,正常,2018/6/26 21:27,113.0843102,23.038916,1RB172401094
31,NULL,2017/6/24 1:55,正常,2018/6/27 19:38,113.1702886,23.0664242,1RB172303066
32,2L00200143483,2017/6/28 17:57,正常,2018/6/27 18:52,113.1800382,23.1058266,1JB172333391
33,2L07570037496,2017/7/1 15:48,正常,2018/6/27 20:54,113.1013694,22.9593148,1HB172512806
34,2L00200477408,2017/6/22 16:43,正常,2018/6/24 17:34,113.1333076,23.0212847,1HB172421052
35,2L00200014605,2017/6/19 9:42,正常,2018/6/23 19:59,113.2260623,23.0254454,1HB172424835
36,2L07570040432,2017/7/14 14:10,正常,2018/6/25 19:28,113.1279489,23.038256,1HB172510596
37,2L07570030151,2017/7/9 15:29,正常,2018/6/26 22:06,113.13941,23.043829,1RB172609752
38,2L00200287406,2017/7/11 11:51,正常,2018/6/17 18:33,113.27212,22.95412,1RB172607385
39,,2017/7/8 15:57,正常,2018/6/27 17:26,113.1256955,23.1135886,1JB172707369
40,,2017/7/5 9:57,正常,2018/6/17 23:49,113.0086483,23.1278952,1KB172616466
41,2L07570002099,2017/7/29 9:49,正常,2018/6/27 20:09,113.1598098,23.0587288,1RB172907934
42,2L07570040727,2017/7/31 11:51,正常,2018/6/27 16:03,113.1837234,23.0546075,1HB173024744
43,,2017/7/30 13:13,正常,2018/6/18 9:36,113.0947887,22.9944423,1HB173024556
44,,2017/7/9 15:33,正常,2018/6/24 5:14,113.13491,23.039827,1HB172548176
45,,2018/1/25 14:29,正常,2018/6/21 6:05,113.14552,23.007416,1HV180104019
46,2L00200427334,2017/7/13 16:48,正常,2018/6/25 11:16,113.219165,23.1326744,1HB172711970
47,2L07570037276,2017/7/13 15:17,正常,2018/6/23 7:47,113.0690199,23.01728,1HB172802180
48,2GU174068474,2017/7/13 15:38,正常,2018/6/22 6:27,113.1650146,23.0578942,1HB172747966
49,2L00200046668,2017/7/15 11:22,正常,2018/6/26 22:17,113.1320833,23.0679924,1SC1725123818
50,2MC1711007570,2017/7/19 19:45,正常,2018/6/27 14:09,113.1084931,23.0080846,1SC1727025886
51,2L00200440686,2017/7/20 16:50,正常,2018/6/26 22:29,113.1945158,23.09413439,1SC1727038532
52,2L07570018687,2017/7/18 17:28,正常,2018/6/27 15:24,113.130901,23.037727,1SC1727046984
53,2L00200178111,2017/7/24 15:01,正常,2018/6/27 15:49,113.12372,23.049103,1SC1727050917
54,2L00200041142,2017/8/2 15:44,正常,2018/6/27 18:27,113.147628,23.171779,1DC1724095601
55,2L00200227861,2017/8/5 16:40,正常,2018/6/27 21:12,113.126318,23.028738,1DC1724096255
56,2L00200084670,2017/8/5 16:05,正常,2018/6/27 22:01,113.3095,23.097685,1DC1724103792
57,2L00210105149,2017/7/29 11:18,正常,2018/6/27 12:34,121.424494,31.202618,1DC1728043627
58,2L00200226640,2017/8/5 10:45,正常,2018/6/27 20:40,113.219144,23.117513,1SC1728020937
59,,2017/8/6 10:24,正常,2018/6/27 12:33,113.172886,23.101236,1DC1727050501
60,2L00200390897,2017/7/24 14:38,正常,2018/6/27 23:01,113.305811,23.082263,1DC1727082298
61,2GC171634794,2017/9/12 19:50,正常,2018/6/27 9:22,113.094336,22.990173,1DC1731002979
62,,2017/9/12 19:05,正常,2018/6/25 9:36,113.17512,23.030441,1DC1731006680
63,2L00200482511,2017/8/1 10:15,正常,2018/6/27 21:49,113.315663,23.087733,1DC1729009797
64,2L00200283668,2017/8/1 17:11,正常,2018/6/27 21:09,113.123444,22.9827536,1DC1727064555
65,2L00200139614,2017/7/25 16:26,正常,2018/6/28 0:11,113.106611,23.030288,1DC1728071843
66,,2017/7/24 11:19,正常,2018/6/27 19:54,113.110257,23.016043,1SC1728004264
67,2L00200398532,2017/7/23 16:49,正常,2018/6/27 22:08,113.18804,23.03378,1SC1728022835
68,2L00200229935,2017/8/1 11:20,正常,2018/6/27 20:49,113.19562,23.124397,1DC1727096508
69,2L00200028634,2017/7/25 15:51,正常,2018/6/27 20:49,113.05872,23.00461,1DC1728048856
70,,2017/7/20 10:02,正常,2018/6/27 15:02,113.116774,23.06879,1DC1727078693
71,2HC172711466,2017/8/6 13:44,正常,2018/6/27 17:16,113.162667,23.096908,1SC1730064891
72,2GC171633766,2017/8/8 10:44,正常,2018/6/21 10:34,113.147814,23.015159,1DC1731013482
73,2GC173470002,2017/9/2 16:21,正常,2018/6/26 12:45,113.160597,23.023606,1DC1733123582
74,2GC171637951,2017/9/4 10:22,正常,2018/6/27 19:07,113.084864,22.968527,1DC1733117847
75,2GC171640072,2017/9/1 19:19,正常,2018/6/27 18:29,113.103971,22.922796,1SC1733089788
76,2GC171644785,2017/9/21 13:44,正常,2018/6/27 23:16,113.166722,23.040621,1DC1732003888
77,,2017/8/14 9:34,正常,2018/6/26 11:34,113.179497,23.105835,1SC1731052909
78,2GC171643841,2017/9/11 14:43,正常,2018/6/27 18:36,113.202027,23.034931,1SC1731035688
79,2GC171642976,2017/9/24 17:14,正常,2018/6/27 21:08,113.12622,23.039193,1SC1731015579
80,2GC171643121,2017/9/22 20:18,正常,2018/6/27 23:07,113.082723,23.027323,1SC1731020026
81,2HC172718586,2017/8/8 8:44,正常,2018/6/22 5:52,113.126327,23.035316,1SC1730063376
82,2CC172406738,2017/9/9 15:39,正常,2018/6/23 7:48,117.28738,31.86164,1SC1733037112
83,2GC172485914,2017/9/29 15:05,正常,2018/6/25 8:35,113.1585,23.01484,1DC1732034999
84,2L00200478709,2017/8/13 19:00,正常,2018/6/27 23:04,113.105033,23.04164,1SC1731044668
85,2GC171643077,2017/9/22 19:52,正常,2018/6/21 21:24,113.107497,23.037517,1SC1732037051
86,2IC1742005103,2017/9/22 19:57,正常,2018/6/25 17:03,113.10519,23.039392,1SC1732003574
87,2GC171640978,2017/8/28 14:03,正常,2018/6/27 20:32,113.13157,23.02093,1SC1733125403
88,2GC173277181,2017/8/31 18:45,正常,2018/6/27 17:51,113.217045,23.085578,1SC1732086250
89,2IC1743015406,2017/10/28 11:37,正常,2018/6/27 14:05,113.141911,23.019899,1SC1732082913
90,2IC173312563,2017/9/23 8:25,正常,2018/6/27 17:09,113.08464,22.923617,1DC1733150869
91,2GC171632579,2017/9/3 20:37,正常,2018/6/27 12:42,113.188828,23.142332,1SC1733122935
92,2L07570035899,2017/9/1 18:47,正常,2018/6/27 20:46,113.114767,23.038533,1SC1733107848
93,2L07570037004,2017/9/18 14:29,正常,2018/6/27 12:14,113.211906,23.02469,1SC1735005275
94,2L07570035504,2017/8/19 14:16,正常,2018/6/27 18:16,113.139778,23.02203,1SC1732096257
95,2GC171642878,2017/9/25 14:25,正常,2018/6/27 19:11,113.022464,23.093693,1SC1732077647
96,2L07570015369,2017/9/25 8:25,正常,2018/6/27 20:51,113.091015,23.005595,1SC1732066993
97,2GC171642093,2017/9/11 22:21,正常,2018/6/27 21:37,113.134187,23.061128,1SC1732073707
98,2L00200389362,2017/9/22 14:39,正常,2018/6/27 19:58,113.152082,23.029149,1PC1734083107
99,2GC172383531,2017/9/14 9:22,正常,2018/6/27 21:17,113.12833,23.032659,1SC1735003078
100,2IC173416503,2017/9/23 9:12,正常,2018/6/27 22:39,113.111054,22.962355,1DC1733129977
101,2GC174052742,2017/9/4 20:59,正常,2018/6/27 22:31,113.07102,23.010983,1DC1733106467
102,2GC173470031,2017/9/2 14:56,正常,2018/6/27 18:14,113.011547,22.982569,1SC1734008530
103,2GC173321507,2017/9/12 17:45,正常,2018/6/27 20:32,113.087005,22.986822,1DC1733124223
104,,2017/10/25 10:17,正常,2018/6/27 22:16,113.109764,23.01418294,1SC1734091849
105,2L07570023842,2017/10/27 21:45,正常,2018/6/27 15:21,113.052467,23.054078,1PC1734059358
106,2L07570029206,2017/7/13 17:50,正常,2018/6/27 23:39,113.120249,23.032671,1DC1725069867
107,2FX1746046222,2017/7/21 9:27,正常,2018/6/27 10:20,113.132988,23.030653,1SC1727076736
108,2L07570034489,2017/7/16 14:15,正常,2018/6/26 15:44,113.228082,22.997099,1DC1725043498
109,2L00200108037,2017/7/19 14:14,正常,2018/6/23 20:13,113.17627,23.112526,1DC1725033232
110,2L00200399359,2017/7/21 10:05,正常,2018/6/26 4:57,113.1323701,23.04558051,1SC1726025711
111,NULL,2017/4/14 9:58,正常,2018/6/22 23:52,113.201775,23.118273,
112,2L00200440677,2017/7/19 17:50,正常,2018/6/27 16:48,113.214603,23.017761,1DC1727023297
113,2L00200016565,2017/7/17 14:32,正常,2018/6/27 20:35,113.137523,23.022755,1DC1725070391
114,2L07570036237,2017/7/23 13:34,正常,2018/6/27 19:26,113.198927,23.033097,1DC1727034416
115,2L00200383460,2017/7/19 9:05,正常,2018/6/27 19:00,113.397,23.126797,1DC1727019239
116,2L00200556359,2017/7/19 15:28,正常,2018/6/27 20:27,113.262264,23.174352,1DC1727036467
117,2L00200428145,2017/7/24 17:38,正常,2018/6/27 8:42,113.104485,23.0122,1SC1727073925
118,,2017/7/24 16:37,正常,2018/6/27 20:45,113.13097,23.056728,1SC1727077765
119,2L07570011503,2017/7/21 13:37,正常,2018/6/27 19:21,113.160987,23.048135,1SC1726019323
120,2L00200189850,2017/7/23 10:24,正常,2018/6/27 14:47,113.204759,23.117599,1DC1727016213
121,2L00200223170,2017/8/23 11:23,正常,2018/6/27 19:14,113.2100963,23.163511,1DC1731104216
122,2L00200056910,2017/8/12 9:00,正常,2018/6/27 17:51,113.135976,23.034033,1DC1730068615
123,,2017/9/15 9:10,正常,2018/6/27 21:32,113.200489,23.159209,1SC1730008965
124,2L00200345709,2017/8/22 19:41,正常,2018/6/26 6:53,113.092869,22.98494,1DC1730019726
125,2GC172317679,2017/9/15 20:06,正常,2018/6/27 18:08,113.129877,23.012904,1SC1733075592
126,2GC171632281,2017/9/2 17:01,正常,2018/6/27 16:50,113.187646,23.007402,1SC1733076213
127,2GC171632882,2017/9/3 20:04,正常,2018/6/27 21:43,113.109493,23.003698,1SC1733024407
128,2L00200461418,2017/8/24 9:58,正常,2018/6/27 12:17,113.155883,23.033816,1SC1733001755
129,2IC173756163,2017/9/24 14:38,正常,2018/6/27 20:10,113.170201,23.018743,1DC1733062573
130,2HC174001755,2017/9/19 11:08,正常,2018/6/27 8:56,113.120415,23.107641,1DC1735037909
131,2HC174000367,2017/9/19 8:49,正常,2018/6/27 14:08,113.131181,23.023421,1DC1735011974
132,2GC173325748,2017/9/15 9:08,正常,2018/6/27 17:43,113.178389,23.059488,1DC1734087693
133,2HX1752014621,2017/9/17 18:32,正常,2018/6/27 19:31,113.10259,23.034496,1DC1734063787
134,2GC171639459,2017/9/10 8:47,正常,2018/6/27 19:43,113.019804,23.058441,1DC1734136353
135,2HC174001625,2017/9/19 15:54,正常,2018/6/27 23:58,113.1391029,23.03518446,1DC1735006048
136,2GU1741026404,2017/10/21 10:26,正常,2018/6/27 18:41,113.145468,23.006769,1DC1735040007
137,2GU1741025915,2017/10/21 9:07,正常,2018/6/27 20:07,113.1544205,23.02121863,1DC1735043701
138,2L00200282047,2017/9/29 15:53,正常,2018/6/27 2:48,113.223293,23.183651,1DC1723159665
139,2L07570009900,2017/8/25 10:48,正常,2018/6/27 23:05,113.0953795,22.98867,1TB172948967
140,2FX1746010762,2017/8/25 9:53,正常,2018/6/27 21:10,113.0945058,22.9942418,1TB172975399
141,2L00200062737,2017/8/29 16:29,正常,2018/6/26 17:15,113.2027702,23.1164743,1TB173300208
142,,2017/8/11 18:46,正常,2018/6/19 16:27,113.132175,23.1713943,1EB172962221
143,NULL,2017/4/14 9:58,正常,2018/6/19 17:59,113.12536,23.064068,
144,,2017/9/20 15:57,正常,2018/6/21 23:12,113.0638672,23.0429313,1TB173432217
145,2L07570030427,2017/9/16 16:24,正常,2018/6/27 19:46,113.1553426,23.0252832,1TB173425728
146,2L07570009218,2017/9/3 9:46,正常,2018/6/27 17:44,113.110964,23.035471,1TB173439869
147,2L07570004801,2017/9/16 10:18,正常,2018/6/21 8:14,113.132002,22.9826864,1TB173453156
148,2L07570011711,2017/9/17 9:12,正常,2018/6/27 19:24,113.1279839,23.0375225,1TB173453598
149,,2017/8/14 9:50,正常,2018/6/20 19:33,112.9491805,23.0161171,1TB173108938
150,2L07570038961,2017/9/11 10:01,正常,2018/6/27 22:23,113.1633632,23.0793723,1TB173317509
151,,2017/8/30 10:50,正常,2018/6/22 14:12,113.1236347,23.05443821,1EB173319160
152,2L07570020927,2017/9/9 10:45,正常,2018/6/21 21:01,113.1632688,23.0218544,1EB173317886
153,,2017/9/18 16:00,正常,2018/6/27 16:21,113.1128765,23.0217225,1EB173335443
154,NULL,2017/4/14 9:58,正常,2018/6/24 17:03,113.12531,23.064058,
155,NULL,2018/6/23 9:32,正常,2018/6/27 13:25,113.20823,23.025766,d7aabd08881f6379486f3d3e2827889c
156,NULL,2018/6/25 14:33,正常,2018/6/27 23:38,113.1062088,23.01759549,bfc353286e84d35f4e39669235ea5a1a
157,NULL,2018/6/6 15:17,正常,2018/6/26 20:39,113.142166,23.022688,b1481f9cb3349027c47c8601ef402abe
158,NULL,2018/6/7 15:19,正常,2018/6/19 12:38,113.1221525,23.00200412,b1efcfbe592ef8186542dbfc8bb1859b
159,NULL,2018/6/6 15:48,正常,2018/6/27 9:11,113.13335,23.01815,e51ba41b11283a23da850ae042ee4307
160,NULL,2018/6/13 10:41,正常,2018/6/23 23:05,113.159782,23.022498,4c5ac33beb6e5917d649a366e99681ac
161,NULL,2017/6/20 8:40,正常,2018/6/26 7:38,113.149502,23.005258,
162,NULL,2017/4/14 9:58,正常,2018/6/27 20:41,113.091156,23.006659,
163,NULL,2018/3/31 11:16,正常,2018/6/22 18:18,113.0661646,23.04586372,287b4c1e6dee060238837eed514c6525
164,NULL,2018/4/13 10:29,正常,2018/6/26 17:35,113.149706,23.063358,68a2c40e3a4e0ed44bdddb1ad7ca06ab
165,,2017/10/19 14:05,正常,2018/6/23 12:58,113.09249,23.040728,d1a66e346274627e872aeb9ac24d7198
166,,2018/2/6 11:47,正常,2018/6/26 19:53,116.31,39.99,6b03f7612d57e1c43c349a8ce240357d
167,NULL,2017/9/12 22:45,正常,2018/6/22 21:29,113.12322,23.001978,NULL
168,NULL,2018/3/29 17:10,正常,2018/6/27 20:54,113.169925,23.047779,115055e3adce218a535a956544fdfb33
169,NULL,2018/6/23 16:11,正常,2018/6/24 14:05,113.108246,23.031624,5b72d2d98157b85c732e8e47f8adc92c
170,NULL,2018/5/13 17:40,正常,2018/6/21 9:42,113.122848,23.025849,27da491207e447d41704436331704de0
171,NULL,2017/9/12 22:46,正常,2018/6/23 17:03,113.1151484,22.99404785,NULL
172,NULL,2017/4/14 9:58,正常,2018/6/24 9:06,113.142112,22.953392,
173,,2018/2/6 17:28,正常,2018/6/23 7:54,113.0877457,23.03874016,bfeeebc72f68cf4dd7b60e06324e08c9
174,,2018/1/12 17:22,正常,2018/6/17 18:06,113.1326,22.998087,00464adbfb0651fd5bcf15eba65aa098
175,,2017/11/6 13:34,正常,2018/6/20 8:25,113.1694553,23.01751465,f4f520355b1bed0636b0a0b0238de216
176,,2018/1/17 11:55,正常,2018/6/16 12:28,113.2101386,23.14455756,f0eb48bc1e94b4f8728ef1c519e125ad
177,NULL,2018/4/19 15:22,正常,2018/6/19 17:50,113.13532,23.050575,220561b3e5fff3952d80a2bf42aa8e90
178,NULL,2018/5/1 16:02,正常,2018/6/27 15:02,113.14317,23.016985,1a989afc3e163ab865c58b0b85cfed53
179,NULL,2018/5/3 16:35,正常,2018/6/27 21:40,113.14879,23.061522,a9d646e859a66ccc042ffe4b901c8742
180,NULL,2018/5/15 14:26,正常,2018/6/23 6:23,116.31,39.99,3b12e26a3491e0c35fbbdb2a2945894e
181,,2018/1/15 13:19,正常,2018/6/27 23:10,113.178585,23.018046,11e82e418f1d6e3ad722467ac589bebf
182,NULL,2018/5/6 16:18,正常,2018/6/17 17:15,113.08887,23.031464,6ad033ac22bd136b57e062c1200a3a39
183,NULL,2018/5/4 17:06,正常,2018/6/21 8:06,113.13417,23.04087,aad18c8e79ddff12207963634722669b
184,,2018/1/2 9:48,正常,2018/6/19 7:13,113.140351,23.01872667,e751e057252a1e5f0f163f1d68b1ab57
185,NULL,2018/4/24 13:20,正常,2018/6/16 20:15,113.12881,23.022135,c84db451cdad842ceba4198bdc949331
186,NULL,2017/9/15 21:41,正常,2018/6/21 8:53,113.167,23.01361,107c0d4f56f41d8ba19fb44937091355
187,NULL,2018/3/3 14:03,正常,2018/6/20 20:08,113.10734,22.98856,fce8347fd88c58a2517f1e2a9a7ec3a8
188,NULL,2018/3/25 13:52,正常,2018/6/26 13:21,113.151436,23.049529,71222a8fad07cb2760906f5fa5bcf28d
189,NULL,2017/6/7 9:52,正常,2018/6/19 13:01,113.131586,23.051802,
190,NULL,2018/6/24 17:22,正常,2018/6/27 20:26,113.081527,23.067117,82f4ff567f89e59f76c8e213459a5c93
191,,2017/7/7 16:12,正常,2018/6/15 20:36,113.1192955,23.00783447,
192,NULL,2018/6/20 15:18,正常,2018/6/27 8:03,113.148664,23.028398,440ae60649685d40cbd8f1dd1b69da00
193,NULL,2018/6/11 17:06,正常,2018/6/17 20:45,113.121578,22.993884,109f08f893c1e6d963c464324be1d347
194,NULL,2018/6/17 10:18,正常,2018/6/24 9:51,113.11964,23.03968,8c67590fab11902af763db3fd549212a
195,NULL,2018/6/16 17:15,正常,2018/6/20 2:18,113.095191,23.070519,592b1b4610574562d298e96fbce2380f
196,NULL,2017/4/14 9:58,正常,2018/6/27 17:23,113.371967,22.499469,
197,NULL,2018/6/12 14:41,正常,2018/6/19 15:57,113.136475,23.041397,4f47fb6ee16c406ecfa15722001679c4
198,NULL,2018/6/13 9:44,正常,2018/6/21 7:41,113.1579077,23.04721191,1b643eb62e9605597100bc3f1b4ff588
199,NULL,2018/6/3 16:06,正常,2018/6/23 8:08,113.08493,23.005877,cd52c3c2431e51baea4e6ec92febf568
200,NULL,2017/6/7 9:57,正常,2018/6/23 22:14,113.14023,23.031897,
201,NULL,2018/6/7 16:26,正常,2018/6/17 14:05,113.1159074,23.03393717,d18db88e66b56e7cb7499a4f4012479d
202,2L07570032529,2017/7/28 14:37,正常,2018/6/27 18:12,113.1079549,23.0510799,1HB172909752
203,2GU173829064,2017/7/19 13:45,正常,2018/6/23 15:46,113.1049533,23.0166697,1HB172909572
204,2L07570016139,2017/7/19 16:03,正常,2018/6/27 18:59,113.1272911,23.0216713,1HB172910016
205,2L07570040653,2017/7/28 16:21,正常,2018/6/26 23:53,113.1422928,23.033874,1RB173006090
206,2L00200212634,2017/8/4 14:31,正常,2018/6/21 15:55,113.094458,23.009823,1RB173103581
207,2L07570028001,2017/7/28 11:46,正常,2018/6/23 8:42,113.1277577,22.9988026,1HB173006116
208,2L07570040384,2017/7/30 11:26,正常,2018/6/27 17:03,113.104516,23.020945,1HB173022229
209,2L07570027279,2017/8/4 11:04,正常,2018/6/26 17:35,113.1257845,23.0389326,1HB173022361
210,2L07570040484,2017/9/15 10:43,正常,2018/6/27 22:48,113.1353651,23.061005,1NB173521691
211,2L07570028148,2017/9/16 10:42,正常,2018/6/24 15:07,113.1424387,23.01383599,1RB173504963
212,2L07570010494,2017/9/27 10:56,正常,2018/6/18 16:33,113.1325393,23.0414274,1NB173519189
213,2L07570023816,2017/9/12 9:58,正常,2018/6/18 21:32,113.1891149,23.0456519,1NB173518962
214,2L07570027684,2017/9/27 10:35,正常,2018/6/27 16:18,113.0842369,22.9899905,1NB173525454
215,2L07570032435,2017/9/16 11:21,正常,2018/6/20 18:09,113.145616,22.9623405,1NB173525495
216,NULL,2017/4/14 9:58,正常,2018/6/18 16:01,113.441418,23.112301,
217,,2017/12/9 14:01,正常,2018/6/27 17:54,113.143016,23.033344,1PC1741037009
218,2L07570002775,2017/11/7 9:36,正常,2018/6/27 19:29,113.0578592,23.04088976,1SC1741034373
219,2L07570039150,2017/10/29 14:28,正常,2018/6/27 18:16,113.167021,23.065005,1PC1738039290
220,2L00200189521,2017/11/27 17:28,正常,2018/6/26 9:51,113.412605,23.047703,1SC1741034425
221,2L00200495588,2017/11/8 10:33,正常,2018/6/27 16:28,113.213945,23.087777,1SC1739014187
222,2L00200108602,2017/11/17 9:16,正常,2018/6/27 21:43,113.206794,23.130459,1SC1741019757
223,2L07570015763,2017/11/29 11:26,正常,2018/6/27 19:51,113.167649,23.019301,1PC1744317168
224,2YX1748003558,2017/11/21 14:34,正常,2018/6/24 19:29,113.140526,23.022713,1PC1741195095
225,2L00200301147,2017/12/7 9:30,正常,2018/6/27 18:15,113.147839,23.025455,1PC1741192568
226,2YX1748003509,2017/11/21 10:49,正常,2018/6/24 16:06,113.177658,23.084097,1PC1735829431
227,2GC1739077003,2017/11/16 14:24,正常,2018/6/27 21:03,113.074226,23.028531,1SC1740005779
228,2GC171630802,2018/1/6 14:56,正常,2018/6/27 15:52,113.187868,23.134347,1PC1739072157
229,2L00200025353,2017/11/4 11:41,正常,2018/6/27 20:37,113.107019,22.975815,1PC1741220994
230,2GC171644985,2017/12/13 11:50,正常,2018/6/27 20:48,113.141987,23.016475,1PC1741205465
231,2YX1748004457,2017/11/21 16:52,正常,2018/6/28 0:10,113.14912,23.060877,1SC1741025426
232,2YX1748001383,2017/11/20 9:50,正常,2018/6/23 20:18,113.111115,22.962036,1PC1744299753
233,2L00200416498,2017/11/14 11:11,正常,2018/6/27 17:43,113.204932,23.189689,1PC1739215284
234,2YX1748004115,2017/11/21 19:31,正常,2018/6/27 21:38,113.118562,23.09891,1PC1741126679
235,2IC1743019210,2017/11/6 10:55,正常,2018/6/27 20:04,113.0507889,23.03136826,1DC1739020556
236,2GC1739074051,2017/11/16 15:55,正常,2018/6/27 23:25,113.128559,23.027608,1PC1738174107
237,2L00200254245,2017/12/6 9:23,正常,2018/6/27 21:45,113.110682,22.988296,1SC1739022958
238,2GC1739076985,2017/11/16 18:35,正常,2018/6/27 19:19,113.057232,23.042505,1PC1741049193
239,2GC1739077008,2017/11/16 18:12,正常,2018/6/27 20:12,113.08187,22.958876,1PC1735769963
240,2L07570024302,2017/12/12 17:02,正常,2018/6/26 19:56,113.149645,23.038524,1SC1739023151
241,2L07570025122,2017/12/14 17:08,正常,2018/6/26 22:39,113.2143812,23.0530504,1SC1741035242
242,2FX1744000190,2017/12/16 16:43,正常,2018/6/26 9:01,113.197125,23.021705,1PC1741014468
243,2YX1746009503,2017/11/11 8:53,正常,2018/6/27 18:52,113.075545,23.215447,1PC1741202306
244,2YX1745009405,2017/11/12 15:41,正常,2018/6/19 8:42,113.131935,23.062422,1PC1744348751
245,2YX1748009349,2017/11/20 16:21,正常,2018/6/23 20:52,113.0518,23.019686,1PC1743545363
246,2L07570011784,2017/11/23 13:50,正常,2018/6/27 21:35,113.168707,23.017507,1PC1743072696
247,2L07570012141,2017/11/28 14:39,正常,2018/6/26 12:24,113.11236,23.0240522,1PC1743007287
248,2L07570013128,2017/11/24 11:05,正常,2018/6/24 0:25,113.04774,23.052922,1PC1743069215
249,2L07570015917,2017/11/30 14:25,正常,2018/6/27 19:11,113.09997,23.016561,1PC1743248732
250,2L07570018828,2017/12/5 11:13,正常,2018/6/27 21:34,113.112408,23.020395,1PC1743239361
251,2L07570014066,2017/11/27 9:50,正常,2018/6/27 20:09,113.128532,23.064937,1PC1743248048
252,2L07570015830,2017/11/29 16:19,正常,2018/6/27 18:53,113.12739,22.985132,1PC1743055200
253,2L07570014034,2017/11/26 16:51,正常,2018/6/27 18:17,113.120228,22.943745,1PC1743332498
254,2YX1745009199,2017/12/7 10:52,正常,2018/6/22 1:19,113.13766,23.021307,1ZP1745000711
255,2L07570018871,2017/12/6 15:57,正常,2018/6/27 21:47,113.094627,22.996265,1ZP1745001989
256,2L07570031693,2017/12/20 17:37,正常,2018/6/27 12:23,113.08416,22.958796,1ZP1745000987
257,2FX1747030689,2017/12/19 17:57,正常,2018/6/25 0:03,113.07392,23.023245,1ZP1745000430
258,,2017/12/17 9:44,正常,2018/6/22 19:05,113.2056711,23.1510769,1ZP1746008389
259,2FX1747012803,2017/12/22 10:28,正常,2018/6/17 22:21,113.0680396,23.0111122,1ZP1745017794
260,,2017/9/13 9:32,正常,2018/6/27 19:38,117.20489,39.1114,1PC1734086962
261,2L00200028440,2017/9/5 15:26,正常,2018/6/27 23:40,113.19071,23.14225,1SC1734105185
262,2L00200288084,2017/10/3 16:15,正常,2018/6/27 20:52,113.110015,23.041143,1PC1735340066
263,2L00200188032,2017/9/10 9:02,正常,2018/6/27 21:26,113.0613,23.044614,1SC1734049804
264,,2017/9/22 11:04,正常,2018/6/27 22:11,113.115645,23.060938,1PC1735104574
265,NULL,2017/4/14 9:58,正常,2018/6/25 8:08,113.01318,23.095015,
266,2GC173756587,2017/9/19 11:52,正常,2018/6/27 12:55,113.188627,23.100921,1SC1734004386
267,2YX1738002524,2017/10/8 11:47,正常,2018/6/16 19:28,113.13504,23.043268,1PC1734101477
268,,2017/9/20 10:09,正常,2018/6/27 19:03,113.098897,23.042472,1PC1735760881
269,2L00200389146,2017/9/16 9:55,正常,2018/6/27 23:32,113.337427,23.185669,1PC1734197136
270,2L00200338882,2017/9/13 17:17,正常,2018/6/27 17:54,113.17598,23.03575,1PC1734001052
271,2GC173874258,2017/9/21 19:04,正常,2018/6/27 18:24,113.094122,22.99406,1PC1735107960
272,2L00200468696,2017/9/17 14:55,正常,2018/6/27 22:27,113.123178,23.03781,1PC1735298034
273,,2017/9/18 16:49,正常,2018/6/27 11:57,113.121983,23.040583,1PC1735771668
274,2AC1744000277,2017/10/23 10:20,正常,2018/6/27 18:33,113.328735,23.181397,1PC1738134250
275,NULL,2017/4/14 9:58,正常,2018/6/27 20:56,113.12808,23.052397,
276,2FX1742073405,2017/10/30 15:11,正常,2018/6/27 22:29,113.198615,23.032258,1PC1735756902
277,2HC174005439,2017/9/20 18:11,正常,2018/6/25 21:22,113.1399159,23.0479921,1SC1736073166
278,2GC173323998,2017/9/18 14:16,正常,2018/6/27 21:53,113.088598,22.946946,1PC1734007635
279,2L00200225470,2017/10/8 16:02,正常,2018/6/27 12:16,113.219086,23.132824,1SC1736076042
280,2HC174309331,2017/9/20 18:57,正常,2018/6/25 9:00,113.206061,23.030527,1PC1735228777
281,2HC174306606,2017/9/22 15:57,正常,2018/6/27 18:10,113.1502178,23.0921636,1PC1735087564
282,,2017/9/20 15:52,正常,2018/6/27 20:33,113.05685,22.887003,1PC1735346493
283,2L00200020348,2017/9/23 15:12,正常,2018/6/27 19:27,113.10459,23.03941,1SC1737011114
284,2FX1742000037,2017/10/13 12:42,正常,2018/6/27 20:16,113.190642,23.047143,1PC1735921053
285,2YX1738001021,2017/10/8 17:04,正常,2018/6/27 19:32,113.169314,23.087963,1PC1735174193
286,2IC1743024013,2017/10/27 17:24,正常,2018/6/27 20:47,113.097818,23.012702,1PC1735513773
287,2FX1735073542,2017/10/28 19:26,正常,2018/6/27 18:14,113.08058,23.006872,1PC1739077208
288,2CC1742035493,2017/10/13 9:52,正常,2018/6/26 20:03,113.090616,22.981634,1PC1735369602
289,2CC1742032765,2017/10/11 12:58,正常,2018/6/27 19:36,113.092871,23.009249,1PC1735420534
290,2CC1742032563,2017/10/11 14:02,正常,2018/6/26 18:41,113.083454,23.049586,1PC1735863352
291,2GC173751428,2017/10/18 18:53,正常,2018/6/27 21:07,113.124175,22.971816,1PC1735946288
292,2CX1735009964,2017/10/24 19:57,正常,2018/6/27 22:46,113.392572,23.15143,1PC1735603413
293,,2017/9/30 18:53,正常,2018/6/27 23:11,113.157512,23.011073,1DC1734228545
294,2YX1738009252,2017/9/29 8:07,正常,2018/6/20 1:56,113.116374,23.003473,1DC1736053272
295,2FX1747006746,2017/9/25 9:48,正常,2018/6/27 13:25,113.068859,23.007415,1SC1736041318
296,2GC1742058704,2017/10/18 19:40,正常,2018/6/27 10:30,113.178212,23.021573,1SC1738151447
297,2CC1745002167,2017/10/24 12:53,正常,2018/6/27 1:54,113.158988,22.987834,1DC1734194464
298,NULL,2017/4/14 9:58,正常,2018/6/23 11:35,113.19257,23.114897,
299,2L07570040332,2017/9/30 9:37,正常,2018/6/21 22:38,113.129618,23.035431,1DC1737012922
300,2L07570035729,2017/9/29 10:24,正常,2018/6/27 15:58,113.130284,23.05027,1DC1736040640
301,2GU174055591,2017/10/24 16:39,正常,2018/6/27 21:13,113.14477,23.060318,1SC1738028630
302,2CC1742033223,2017/10/12 9:40,正常,2018/6/27 18:19,113.078806,22.955347,1SC1737131891
303,2IC1743015179,2017/10/24 15:03,正常,2018/6/27 18:55,113.12962,23.05329,1DC1734191566
304,2IC1742007508,2017/10/21 19:48,正常,2018/6/27 14:27,113.149256,23.032052,1PC1735725099
305,2IC1743014073,2017/10/23 10:11,正常,2018/6/27 21:03,113.124708,22.998251,1SC1740009514
306,NULL,2017/4/14 9:58,正常,2018/6/24 21:54,113.145775,23.066978,
307,2GU174060506,2017/10/20 14:48,正常,2018/6/25 13:20,113.13533,23.03864,1DC1738029741
308,2IC1743020637,2017/10/24 13:41,正常,2018/6/19 7:54,113.14136,23.034012,1DC1738021700
309,2IC1743016350,2017/10/25 10:20,正常,2018/6/27 20:09,113.17702,23.078043,1DC1739092789
310,2L00200312431,2017/11/5 9:56,正常,2018/6/28 0:05,113.202362,23.149541,1DC1742010342
311,2L07570032135,2017/11/2 11:04,正常,2018/6/27 19:11,113.162906,23.033782,1SC1741069509
312,2IC1743015610,2017/10/25 9:55,正常,2018/6/27 19:46,113.127341,23.046844,1DC1738024863
313,2GC1742054464,2017/10/18 17:07,正常,2018/6/23 3:52,113.135519,23.042606,1SC1739096353
314,2HC175014696,2017/10/19 8:21,正常,2018/6/24 7:38,113.13972,22.842573,1SC1740002089
315,2CC1745020434,2017/10/24 13:29,正常,2018/6/27 21:24,113.080163,23.0179,1DC1738006240
316,2IC1743017326,2017/10/25 11:24,正常,2018/6/27 20:32,113.10349,23.024707,1SC1738081392
317,2IC1743015734,2017/10/24 16:50,正常,2018/6/27 18:57,113.1269211,23.03720979,1DC1734183170
318,2IC1742004152,2017/10/18 9:58,正常,2018/6/27 23:30,113.108389,23.014714,1SC1738056750
319,2CC1745073374,2017/10/25 20:34,正常,2018/6/26 2:34,113.218334,23.093338,1SC1738058672
320,2CC1745073584,2017/10/23 15:54,正常,2018/6/27 18:44,113.11518,23.060127,1PC1734194816
321,2IC1742013046,2017/10/22 14:14,正常,2018/6/25 18:04,113.1080659,22.98543294,1DH1739023473
322,2IC1743014518,2017/10/23 10:55,正常,2018/6/19 13:52,113.108938,23.03941,1SC1740009853
323,2FX1745008241,2017/10/26 15:01,正常,2018/6/26 7:08,113.19932,23.11763,1SC1741113919
324,2HC1751201778,2017/10/21 15:56,正常,2018/6/25 10:46,113.094064,23.030423,1DH1739010466
325,2L07570023913,2017/11/7 14:14,正常,2018/6/27 22:17,113.133063,23.020932,1DC1741039628
326,2CC1746059804,2017/10/24 19:36,正常,2018/6/26 18:06,113.087781,22.953357,1SC1741089736
327,2IC1743021117,2017/10/23 14:44,正常,2018/6/27 13:08,113.161944,23.009677,1SC1737063034
328,2CC1745073253,2017/10/23 15:38,正常,2018/6/23 12:17,113.108475,23.00738,1DC1741034684
329,2IC1742010868,2017/10/21 19:27,正常,2018/6/27 23:55,113.061621,23.03211,1DC1739075585
330,2CX1744026298,2017/11/26 17:00,正常,2018/6/27 21:04,113.15525,23.037289,1ZC1746015828
331,2HC1751202513,2017/11/5 14:14,正常,2018/6/27 23:51,113.275536,23.124765,1ZC1743003907
332,2YX1746000079,2017/11/13 13:32,正常,2018/6/27 14:27,113.08543,23.015886,1ZC1743002365
333,2YX1746000625,2017/11/13 10:50,正常,2018/6/27 21:47,113.104146,23.048464,1ZC1743025129
334,2L00200422189,2017/11/6 21:29,正常,2018/6/27 17:41,113.167815,23.103627,1ZC1743003769
335,2YX1746009125,2017/11/9 14:09,正常,2018/6/19 21:41,113.1188913,23.03638455,1ZC1743013292
336,2YX1738006923,2017/11/23 20:09,正常,2018/6/27 20:24,113.126434,23.049441,1ZC1746009085
337,2HC1751201302,2017/11/4 14:47,正常,2018/6/27 17:16,113.164466,23.023464,1ZC1743022451
338,2L00200390634,2017/11/25 14:51,正常,2018/6/26 8:54,113.21652,23.139626,1ZC1746029105
339,2YX1746000860,2017/11/13 10:51,正常,2018/6/23 19:18,113.123031,23.011054,1ZC1743015636
340,2CC1744084738,2017/10/9 19:06,正常,2018/6/27 23:34,113.205521,22.994165,1PC1735637730
341,2AC1741115448,2017/10/28 10:14,正常,2018/6/27 22:12,113.091712,23.03808,1PC1735844896
342,2CC1744085994,2017/10/9 15:56,正常,2018/6/25 19:58,113.276352,23.215184,1PC1735363136
343,2CC1742038063,2017/10/13 8:38,正常,2018/6/27 22:15,113.0851137,22.94197537,1PC1735713298
344,2CC1743097558,2017/10/9 17:00,正常,2018/6/27 17:57,113.1240413,23.0315864,1PC1739014353
345,2CC1743093052,2017/10/9 16:03,正常,2018/6/27 6:23,113.122384,23.017111,1PC1735610599
346,2YC172406859,2017/10/11 10:38,正常,2018/6/27 12:12,113.178616,23.038121,1PC1735437581
347,2L00200153801,2017/10/11 10:40,正常,2018/6/27 18:20,113.1243,23.04431,1PC1735651668
348,2FX1735081042,2017/10/9 9:52,正常,2018/6/27 17:44,113.110099,23.039336,1PC1735713780
349,2L00200242906,2017/10/9 11:26,正常,2018/6/19 17:39,113.1972,23.17791,1PC1738043916
350,2L00200186853,2017/10/9 15:28,正常,2018/6/27 20:40,113.034043,23.055441,1PC1738044795
351,2CC1743063951,2017/10/15 15:03,正常,2018/6/27 19:46,113.167195,23.063173,1PC1739143786
352,2FX1742009408,2017/10/28 19:42,正常,2018/6/27 18:31,113.114819,23.025502,1PC1739089311
353,2CC1745074510,2017/10/27 10:29,正常,2018/6/27 19:39,113.079401,23.047416,1PC1735631472
354,2CC1743074831,2017/10/21 12:46,正常,2018/6/27 19:08,113.128273,23.077528,1PC1739008252
355,2CC1743097987,2017/10/9 16:06,正常,2018/6/27 19:01,113.134039,23.021826,1PC1735630265
356,2FX1735063843,2017/10/10 12:57,正常,2018/6/27 22:32,113.154492,23.080671,1PC1735361596
357,2L07570036731,2017/10/9 20:34,正常,2018/6/27 20:37,113.117886,22.917099,1PC1735600266
358,2CC1742035558,2017/10/12 15:41,正常,2018/6/27 15:05,113.129912,23.07823,1SC1736073760
359,2FX1742003897,2017/10/14 9:16,正常,2018/6/27 10:52,113.283217,23.087194,1PC1739048970
360,2CC1744007868,2017/10/23 9:21,正常,2018/6/25 17:40,113.157527,23.010951,1PC1738050274
361,2BX1733011582,2017/10/10 11:19,正常,2018/6/27 19:49,113.124453,23.066737,1PC1735719764
362,2L00200350583,2018/3/28 17:22,正常,2018/6/27 21:24,113.110227,23.033169,1PC1741565065
363,2L00200397798,2018/4/2 10:57,正常,2018/6/27 17:54,113.200083,23.11849,1PC1744010648
364,2CC1744036697,2017/10/20 16:54,正常,2018/6/27 12:29,113.1232305,23.03348441,1SC1737038919
365,,2017/12/25 9:57,正常,2018/6/27 19:49,113.197011,23.091137,1PC1741210797
366,2AC1741114361,2017/10/29 12:43,正常,2018/6/27 19:50,113.182447,23.041342,1PC1743714271
367,2FX1742025274,2017/10/25 9:22,正常,2018/6/27 21:56,113.235225,22.876884,1PC1738187010
368,2CC1744043218,2017/10/24 8:47,正常,2018/6/27 22:46,113.126477,22.998664,1PC1738072840
369,2CC1745016235,2017/10/24 11:46,正常,2018/6/27 3:27,113.096063,23.022015,1PC1739201679
370,2FX1744002779,2017/10/24 13:49,正常,2018/6/27 22:34,113.159601,23.16153,1PC1739248696
371,2IC1742007562,2017/10/19 13:47,正常,2018/6/26 16:25,113.15255,23.030394,1PC1735024355
372,2L00200127297,2017/10/23 11:13,正常,2018/6/27 19:39,113.1889458,23.19732926,1PC1739167581
373,2AC1743105900,2017/10/28 10:46,正常,2018/6/27 19:51,113.199796,23.150657,1PC1740018828
374,,2017/12/4 14:53,正常,2018/6/27 16:41,113.103292,23.032042,1PC1741788111
375,2BC1741100435,2017/10/22 11:07,正常,2018/6/27 21:00,113.134036,23.156132,1PC1735442123
376,2AC1743101478,2017/10/27 16:10,正常,2018/6/27 13:00,113.117747,23.00989,1PC1741050433
377,2IC173909594,2018/3/29 9:25,正常,2018/6/27 17:51,113.205582,23.218484,1SC1742132966
378,2FX1745044878,2017/12/1 11:30,正常,2018/6/15 18:09,113.190303,23.114162,1PC1741776897
379,2YX1748009510,2017/11/20 15:01,正常,2018/6/27 8:21,113.101017,23.023222,1PC1741796592
380,2L00200341155,2017/12/3 10:41,正常,2018/6/27 21:55,113.1548888,23.0308936,1PC1741759630
381,2AC1741105119,2017/10/28 18:05,正常,2018/6/18 9:58,113.162192,23.058883,1PC1741762042
382,2FX1747005041,2017/11/10 18:49,正常,2018/6/27 12:09,113.12881,22.98576,1PC1743859089
383,2L07570039280,2017/11/2 16:13,正常,2018/6/27 21:39,113.1191187,23.0118216,1PC1741747670
384,2FX1747012312,2017/11/13 12:28,正常,2018/6/27 15:23,113.237812,23.010158,1SC1742116229
385,2FX1745028487,2017/11/9 18:03,正常,2018/6/28 0:02,113.119774,22.998255,1PC1741815797
386,2L00200510061,2017/12/8 9:41,正常,2018/6/26 17:04,113.211381,23.15226,1PC1743751307
387,2AC1741112336,2017/10/29 12:26,正常,2018/6/27 16:23,113.074664,22.955721,1PC1739221907
388,2AC1741117916,2017/10/29 13:56,正常,2018/6/27 16:36,113.188426,23.053572,1PC1741778880
389,2L07570029293,2017/10/27 10:12,正常,2018/6/27 22:47,113.0936643,23.0176611,1PC1741119189
390,2AC1741111220,2017/10/27 18:11,正常,2018/6/27 18:03,113.2102832,23.11524251,1PC1741147364
391,2AC1743106705,2017/10/28 19:28,正常,2018/6/27 17:09,113.0687858,23.0238512,1PC1741759383
392,2YX1745004874,2017/11/16 16:36,正常,2018/6/27 1:25,113.131359,23.062097,1PC1743740942
393,2YX1746002687,2017/11/5 10:39,正常,2018/6/27 20:40,113.045351,23.028923,1PC1741725623
394,2IC1745015777,2017/12/5 14:54,正常,2018/6/27 19:32,113.1007766,23.0385555,1PC1735081643
395,2FX1745049181,2017/11/2 16:56,正常,2018/6/16 16:32,113.1440044,23.0167776,1PC1735335386
396,2CX1749023970,2017/11/10 9:51,正常,2018/6/27 19:03,113.18061,23.021537,1PC1743816430
397,2L00200125838,2017/11/10 19:14,正常,2018/6/27 17:47,113.131098,23.030184,1SC1742131794
398,2FX1746022162,2017/11/9 17:58,正常,2018/6/20 7:36,113.050999,23.01405,1PC1741537547
399,2FX1747032620,2017/11/21 12:39,正常,2018/6/27 21:29,113.188836,23.033852,1PC1745040945
400,2FX1747032319,2017/11/21 15:07,正常,2018/6/27 20:33,113.1316526,23.0653499,1PC1745067903
401,2FX1747023324,2017/11/17 12:19,正常,2018/6/27 9:08,113.108808,23.023627,1PC1744155947
402,2FX1745048674,2017/11/11 12:51,正常,2018/6/27 21:24,113.199729,23.183196,1PC1741782726
403,2FX1745042790,2017/11/9 10:08,正常,2018/6/27 15:54,113.179917,23.010424,1SC1742131649
404,2FX1747012570,2017/11/13 11:12,正常,2018/6/27 19:21,113.10759,23.055885,1PC1745033803
405,28X1745002575,2017/11/1 19:12,正常,2018/6/26 22:12,113.112434,23.028847,1SC1742130357
406,2HC17512100200,2017/11/11 16:04,正常,2018/6/27 16:55,113.08065,22.918936,1PC1744399327
407,2AC1745110240,2017/11/13 12:14,正常,2018/6/27 21:08,113.084609,23.023184,1PC1744396109
408,2HX1752011882,2017/11/20 14:50,正常,2018/6/27 23:05,113.148094,23.035746,1PC1743173278
409,2HX1752014271,2017/11/20 17:07,正常,2018/6/27 11:48,113.191318,23.020392,1PC1743253375
410,2FX1746002639,2017/11/15 10:17,正常,2018/6/27 18:38,113.123473,22.997294,1PC1745025200
411,2FX1746059245,2017/11/21 17:50,正常,2018/6/23 17:00,113.129504,23.027033,1PC1745071322
412,2FX1747014185,2017/11/13 13:03,正常,2018/6/27 5:15,113.11271,22.96211,1PC1745024555
413,2L07570002801,2017/11/15 20:30,正常,2018/6/26 8:33,116.31,39.99,1PC1744060995
414,2LC1742004476,2017/11/3 10:25,正常,2018/6/27 19:05,114.400861,37.93551,1SC1742128571
415,2HX1752019789,2017/11/20 14:10,正常,2018/6/27 19:23,113.1203518,23.01421224,1PC1744234491
416,2L00200008108,2017/11/24 9:42,正常,2018/6/27 17:19,113.210533,23.111006,1PC1741903967
417,2L00200193406,2017/11/24 9:16,正常,2018/6/27 18:30,113.156133,23.111631,1PC1741876523
418,2FX1747023177,2017/11/17 12:47,正常,2018/6/20 10:32,113.131258,23.034974,1PC1743853012
419,2HX1752020144,2017/11/22 14:18,正常,2018/6/27 12:29,113.127341,23.042339,1PC1741869840
420,2YX1748003105,2017/11/21 15:04,正常,2018/6/25 10:17,113.138659,23.04793,1PC1741864640
421,2HX1752035505,2017/11/14 11:23,正常,2018/6/26 22:05,113.077535,23.02768,1PC1744137897
422,,2017/12/1 16:18,正常,2018/6/27 14:00,113.320096,23.076229,1PC1746167597
423,2HC1751203201,2017/11/6 10:41,正常,2018/6/27 16:45,113.05048,23.025948,1PC1741889851
424,2AC1748000357,2017/11/24 18:53,正常,2018/6/27 23:17,116.346288,37.489113,1PC1741795832
425,2HC1751016984,2017/11/6 20:24,正常,2018/6/27 17:00,113.103419,23.000466,1PC1741814399
426,2CX1750024070,2017/11/6 16:03,正常,2018/6/27 18:07,113.223044,23.099191,1PC1741835413
427,NULL,2017/4/14 9:58,正常,2018/6/18 9:53,113.1113935,23.02684163,
428,2FX1747008733,2017/11/11 12:24,正常,2018/6/27 23:56,113.158877,23.030183,1PC1743877166
429,2FX1745045512,2017/11/7 15:04,正常,2018/6/27 19:18,113.1759153,23.0997626,1PC1741881061
430,2YX1746004072,2017/11/17 14:34,正常,2018/6/27 17:45,113.09591,23.014204,1PC1741811856
431,2L00200444643,2018/3/31 9:45,正常,2018/6/27 23:20,113.219671,23.138579,1PC1743562845
432,2HC1751015128,2017/11/6 14:34,正常,2018/6/27 23:59,113.128761,23.066655,1PC1741808599
433,2FX1745048501,2017/11/6 17:52,正常,2018/6/27 15:31,113.045318,22.985687,1PC1741814012
434,2HC1751015881,2017/11/6 20:55,正常,2018/6/23 18:19,113.13134,22.98966,1PC1743569124
435,2FX1745014633,2017/11/7 9:45,正常,2018/6/27 21:57,113.007078,23.027289,1PC1741861267
436,2FX1744041694,2018/3/29 11:34,正常,2018/6/27 14:23,113.209599,23.029498,1PC1741845757
437,2HX1752011596,2018/3/29 11:35,正常,2018/6/27 21:19,113.2115172,23.152484,1PC1741862378
438,2GC1737071841,2017/11/7 14:47,正常,2018/6/27 12:39,113.112571,23.049878,1PC1743554852
439,2CX1747015997,2017/11/17 9:27,正常,2018/6/27 0:59,103.930544,30.913811,1PC1744367513
440,2HX1752020642,2017/11/14 21:17,正常,2018/6/27 20:30,113.127584,23.028754,1PC1744250154
441,2HX1752039203,2017/11/15 7:44,正常,2018/6/27 22:13,113.067046,23.096309,1PC1744262396
442,2L00200239459,2017/12/2 10:22,正常,2018/6/27 18:07,113.351556,23.09438,1PC1741841977
443,2L07570002502,2017/11/15 15:00,正常,2018/6/25 19:06,113.05085,23.013972,1PC1744051673
444,2IC1744005348,2017/11/17 14:00,正常,2018/6/25 8:12,113.116641,23.003986,1PC1744046786
445,2L07570002911,2017/11/15 16:42,正常,2018/6/27 20:48,113.12529,22.992735,1PC1744083937
446,2L07570020022,2017/11/10 11:02,正常,2018/6/27 19:40,113.114479,23.062358,1PC1741877307
447,2GC173275598,2017/11/12 16:53,正常,2018/6/27 14:36,113.1965454,23.0713813,1PC1744101771
448,2CX1749035662,2017/11/11 21:25,正常,2018/6/27 16:04,113.304358,23.084614,1PC1745039092
449,2IC1747035897,2017/11/15 13:36,正常,2018/6/27 13:17,113.107215,23.049462,1PC1744274096
450,2IC1747034693,2017/11/13 16:35,正常,2018/6/27 19:19,113.135994,22.989878,1PC1743058767
451,2YX1746001196,2017/11/15 10:15,正常,2018/6/27 12:27,113.144463,23.014762,1PC1744251968
452,2HC1751203982,2017/12/20 9:39,正常,2018/6/27 20:00,113.123238,23.144019,1PC1746031170
453,2L00200307506,2017/11/23 16:06,正常,2018/6/27 21:51,113.16325,23.055153,1PC1743341434
454,2CX1748012413,2017/11/19 19:07,正常,2018/6/15 18:57,113.128194,22.982429,1PC1743259519
455,2DY1747000566,2018/2/2 15:45,正常,2018/6/27 5:13,113.082724,22.823816,1PC1746238666
456,2DY1746000405,2018/2/3 18:53,正常,2018/6/25 5:13,113.088589,23.040093,1PC1746267220
457,2FX1746050027,2017/11/20 10:57,正常,2018/6/27 20:59,113.159035,23.007273,1PC1743227316
458,2FX1747031547,2017/11/20 12:25,正常,2018/6/27 20:49,113.15023,23.025739,1PC1743333807
459,2HC1751009430,2017/10/31 13:49,正常,2018/6/27 19:55,113.1041265,22.9273692,1SC1737057102
460,2CC1743039481,2017/10/23 16:39,正常,2018/6/27 21:09,113.213064,23.010526,1PC1740051709
461,2L00200417107,2017/11/15 10:14,正常,2018/6/27 14:05,113.135272,22.98619,1SC1741091142
462,2CX1748024106,2017/12/28 16:01,正常,2018/6/27 12:53,103.757356,30.726661,1PC1741124215
463,2IC1743023364,2017/10/27 15:17,正常,2018/6/27 18:02,113.203457,23.015235,1SC1740041783
464,2HC1751009144,2017/11/1 17:13,正常,2018/6/27 12:42,113.109182,23.034146,1DC1742023952
465,2IC1743023214,2017/10/27 15:30,正常,2018/6/27 19:02,113.09243,23.039646,1DC1738033270
466,2IC1743023934,2017/10/27 19:03,正常,2018/6/27 5:38,113.104695,23.016639,1DC1741042777
467,2IC1743024847,2017/10/27 16:58,正常,2018/6/27 17:50,113.144823,23.041718,1SC1741084450
468,2L00200195456,2017/11/13 16:20,正常,2018/6/27 18:54,113.065291,23.040188,1DC1742035323
469,2FX1745038369,2017/11/3 15:33,正常,2018/6/27 22:32,113.143536,23.050541,1SC1737191506
470,2IC1744005514,2017/11/4 13:39,正常,2018/6/27 21:18,112.873074,22.910982,1PC1743724244
471,2FX1743044696,2017/11/2 13:38,正常,2018/6/26 14:29,113.046652,23.0234535,1SC1743057859
472,2CX1744022090,2017/10/28 19:25,正常,2018/6/27 9:23,113.133133,23.028874,1SC1738009494
473,2CX1744025409,2017/10/28 18:53,正常,2018/6/27 19:48,113.125959,23.002862,1SC1737150859
474,2CX1743009223,2017/10/28 18:10,正常,2018/6/27 14:57,113.130526,23.016632,1SC1738039408
475,2CX1749039401,2017/11/4 15:33,正常,2018/6/27 14:17,113.131459,23.062195,1DC1742043753
476,2BC1742000267,2017/10/31 18:23,正常,2018/6/27 2:27,113.195251,23.065629,1PC1743768160
477,2IC1745006317,2017/11/4 16:59,正常,2018/6/17 20:19,113.101491,23.020115,1SC1743090540
478,2HC1751011177,2017/11/9 8:54,正常,2018/6/18 9:58,113.1349,23.03977,1SC1743088019
479,2HC1751015573,2017/11/7 14:46,正常,2018/6/28 0:09,113.190831,23.028576,1PC1741103494
480,2HC1751209647,2017/11/6 8:10,正常,2018/6/23 18:37,113.108321,23.045181,1PC1743778771
481,2FX1745022916,2017/11/5 19:06,正常,2018/6/27 12:28,113.1614518,23.0885528,1PC1743779425
482,2HC1751202509,2017/11/6 10:45,正常,2018/6/26 13:51,113.108405,23.044628,1PC1741522262
483,2HC1751202160,2017/11/5 11:28,正常,2018/6/26 23:31,113.17076,23.117397,1PC1741722838
484,,2017/11/10 14:33,正常,2018/6/26 7:58,113.13708,22.95587,1PC1741062537
485,2HX1752024288,2017/11/16 11:03,正常,2018/6/27 15:09,113.129196,22.985343,1SC1744181725
486,2L00200533637,2017/11/17 14:40,正常,2018/6/27 19:06,113.10763,22.99983,1SC1744109895
487,2IC1747028996,2017/11/11 11:56,正常,2018/6/27 19:35,113.132646,23.035493,1SC1743150402
488,2HX1752022382,2017/11/15 18:23,正常,2018/6/27 23:34,113.103334,23.148369,1SC1745084577
489,2GC172279327,2017/11/24 15:19,正常,2018/6/27 22:59,113.190023,22.909497,1SC1745109009
490,2MC1711004338,2017/11/23 11:22,正常,2018/6/27 8:15,113.031483,22.903449,1PC1744317486
491,2L00200469168,2017/11/17 16:00,正常,2018/6/27 23:56,113.139114,23.072052,1PC1744203966
492,2IC1746018092,2017/11/16 11:13,正常,2018/6/27 20:33,113.081304,23.018134,1SC1744181017
493,2L07570011767,2017/11/22 20:19,正常,2018/6/27 20:38,113.155707,23.016399,1PC1743592135
494,2L07570007178,2017/11/20 16:12,正常,2018/6/27 17:30,113.147116,23.03514,1SC1744151841
495,2YX1747001881,2017/11/25 14:39,正常,2018/6/27 19:08,113.170795,23.047552,1SC1744088800
496,2HX1752020809,2017/11/15 10:30,正常,2018/6/25 7:41,113.041664,23.001501,1SC1745011764
497,2L00200036143,2017/11/25 9:21,正常,2018/6/22 11:25,113.18014,23.152945,1SC1745230762
498,2L00200287367,2017/11/23 15:49,正常,2018/6/25 21:44,113.10755,23.001694,1SC1745134024
499,2FX1749024446,2017/12/5 13:48,正常,2018/6/27 16:46,117.219022,39.167164,1SC1745227843
500,28C172205676,2018/1/3 11:09,正常,2018/6/27 12:16,112.203729,30.332646,1SC1745208374
501,2DY1805002737,2018/2/13 3:00,正常,2018/6/27 22:41,113.07844,23.068008,1SC1745185310
502,2DY1805007043,2018/2/12 20:12,正常,2018/6/27 17:48,113.09223,22.901006,1DC1745009445
503,2DY1806000828,2018/2/10 1:35,正常,2018/6/21 20:33,112.90447,23.351502,1SC1745221515
504,,2017/12/3 17:43,正常,2018/6/27 19:26,113.20725,23.174305,1SC1746005304
505,NULL,2017/6/7 9:57,正常,2018/6/16 8:01,113.08669,23.014935,
506,2L00200287899,2018/5/1 11:24,正常,2018/6/27 22:30,113.15507,23.047865,1DC1745046690
507,2AC1743014471,2018/4/29 17:23,正常,2018/6/26 19:21,113.05081,23.022009,1DC1745046990
508,2L07570005114,2018/4/30 11:37,正常,2018/6/27 22:13,113.159022,23.040824,1DC1745016476
509,2CC1746025199,2018/4/29 15:24,正常,2018/6/27 17:22,113.091947,22.997826,1DC1746047637
510,2CX1744010890,2018/6/23 15:10,正常,2018/6/27 23:03,113.118248,23.032861,1PC1743485079
511,2YX1746008125,2018/6/26 14:04,正常,2018/6/27 18:47,113.1174566,23.0276063,1PC1746268859
512,2DY1805007134,2018/2/10 3:21,正常,2018/6/25 18:04,113.157212,22.923496,1DC1746040759
513,2L00200541918,2018/5/4 13:26,正常,2018/6/27 19:08,113.200327,23.137712,1DC1746003608
514,2DY1806005241,2018/3/22 10:47,正常,2018/6/27 19:33,113.170956,23.03883,1DC1746056127
515,2DY1806007114,2018/3/20 18:33,正常,2018/6/27 18:42,113.101621,23.049399,1DC1746065189
516,2CC1739005578,2018/5/9 13:51,正常,2018/6/27 23:37,114.320825,30.568552,1DC1746001314
517,,2018/4/25 14:41,正常,2018/6/27 8:12,113.342581,23.087688,1DC1746032692
518,,2018/4/26 14:48,正常,2018/6/27 23:46,113.230281,23.235008,1DC1746018841
519,2FX1745036306,2018/4/25 15:25,正常,2018/6/28 0:09,113.118797,22.978562,1DC1746016609
520,,2018/5/4 14:31,正常,2018/6/27 21:45,113.291443,23.135345,1DC1746000605
521,2DY1805005328,2018/3/19 9:14,正常,2018/6/25 19:48,113.119614,22.993675,1SC1742104012
522,2GC172385603,2018/4/30 16:34,正常,2018/6/27 21:12,113.135558,23.049966,1DC1737042343
523,2L07570035767,2018/4/22 16:05,正常,2018/6/27 16:19,113.107386,23.029274,1DC1746020895
524,2L07570025488,2018/4/22 14:54,正常,2018/6/27 20:03,113.199257,23.008056,1DC1746021447
525,2YC172400455,2018/4/24 14:24,正常,2018/6/27 2:22,113.108325,22.984828,1DC1746013780
526,2DY1806001546,2018/3/24 9:27,正常,2018/6/27 22:28,113.10911,23.004883,1DC1746053721
527,2GC171644967,2018/6/23 15:13,正常,2018/6/27 17:20,113.1440503,23.0167925,1PC1746302604
528,2L07570040542,2018/6/23 16:32,正常,2018/6/27 18:09,113.062797,23.006995,1PC1746325205
529,2GC171632577,2018/6/26 15:04,正常,2018/6/27 19:58,113.1152916,23.0314122,1PC1746276498
530,NULL,2017/6/7 9:56,正常,2018/6/26 16:30,113.1066055,23.1170826,
531,NULL,2017/6/7 9:54,正常,2018/6/20 19:55,113.1084,23.006912,
532,NULL,2017/4/14 9:58,正常,2018/6/25 9:38,113.108473,23.020351,
533,NULL,2017/4/14 9:58,正常,2018/6/21 8:02,113.13844,23.074203,
534,NULL,2017/4/14 9:58,正常,2018/6/26 17:44,113.0813599,22.96091227,
535,NULL,2017/6/7 9:54,正常,2018/6/20 12:38,113.126686,23.022022,
536,NULL,2017/9/12 22:47,正常,2018/6/26 19:06,113.133448,23.02945,NULL
537,NULL,2018/1/3 10:36,正常,2018/6/25 13:10,113.15137,23.045458,25aac48f0758acfe5d2b4411e80c5946
538,NULL,2018/5/13 10:07,正常,2018/6/26 17:34,113.12682,23.022926,ae351c948aa8835593508a3e07e1dd13
539,,2018/1/4 10:04,正常,2018/6/17 20:25,113.1254625,23.02248806,8ea0b6e2f923277fdd3f1d9f64d2231e
540,NULL,2017/4/14 9:58,正常,2018/6/22 13:46,113.188284,23.13717394,
541,2L00200260299,2017/7/7 15:36,正常,2018/6/27 22:40,113.136206,23.05563,1SC1722024666
542,2L07570015826,2017/7/1 15:48,正常,2018/6/27 22:40,113.1485379,23.05930257,1DC1723162582
543,2L07570035299,2018/4/12 14:18,正常,2018/6/27 18:24,113.098574,23.018238,1DC1722078314
544,,2017/7/4 15:59,正常,2018/6/27 18:25,113.151608,23.060217,1DC1722079923
545,,2017/7/2 16:17,正常,2018/6/27 20:33,113.097554,22.956207,1DC1723007624
546,2L00200126696,2017/8/5 17:16,正常,2018/6/27 9:18,113.296991,23.07626,1DC1722160899
547,2FX1746023904,2017/7/6 11:27,正常,2018/6/27 21:38,113.114881,23.038703,1DC1722108142
548,2L07570032077,2017/7/6 15:43,正常,2018/6/27 23:54,113.110311,23.030734,1DC1723170722
549,2L00200178956,2017/7/7 11:42,正常,2018/6/27 19:42,113.2030075,23.19315104,1DC1723178943
550,,2017/7/7 10:22,正常,2018/6/27 22:37,113.261878,22.764436,1DC1722082943
551,2L07570003927,2017/7/1 14:58,正常,2018/6/27 20:36,113.103991,22.994587,1DC1723186713
552,,2017/7/15 14:44,正常,2018/6/27 23:14,112.9970752,22.97206245,1SC1725101147
553,2YX1747008533,2017/7/14 13:54,正常,2018/6/27 21:33,113.1055512,23.03756185,1SC1725013183
554,2CE1724040812,2017/8/25 14:36,正常,2018/6/24 9:47,113.14834,23.039032,1LF1727077125
555,2OF172518598,2017/8/22 8:33,正常,2018/6/27 23:17,113.928146,22.504713,1UK1730003901
556,2ON174641965,2017/11/30 16:28,正常,2018/6/27 23:41,113.133773,23.012655,1UM1748004802
557,2ON174746971,2017/11/28 10:10,正常,2018/6/27 20:25,113.137519,23.01321,1UM1748003169
558,2ON174745827,2017/11/25 21:18,正常,2018/6/25 15:19,113.1096115,23.03446198,1UM1748001966
559,2ON174748186,2017/11/23 11:47,正常,2018/6/27 16:23,113.186889,23.032282,1UM1748000588
560,2ON174431427,2017/11/22 16:22,正常,2018/6/26 21:01,113.07304,23.021948,1UM1748000110
561,2ON174224593,2017/11/24 14:33,正常,2018/6/26 10:45,113.11444,23.030117,1UM1748000557
562,2ON174222192,2017/11/25 15:44,正常,2018/6/22 8:13,113.057364,23.040848,1UM1748001656
563,2ON174539330,2017/11/27 14:31,正常,2018/6/26 12:02,113.214719,23.02127,1UM1747001582
564,2ON174537422,2017/11/29 14:07,正常,2018/6/27 23:22,112.98473,23.203695,1UM1747000477
565,2ON174537698,2017/11/30 11:09,正常,2018/6/27 16:35,113.072266,22.956161,1UM1749000757
566,2L00200338352,2017/7/1 15:46,正常,2018/6/26 20:07,113.16702,22.994999,1HV174305856
567,,2017/6/7 9:57,正常,2018/6/25 11:18,113.247,22.75762,1HB172137211
568,,2017/6/16 7:47,正常,2018/6/15 20:12,113.1326459,23.0678662,1JB171717082
569,,2017/7/31 11:26,正常,2018/6/23 18:12,113.1022586,23.1521818,1HB173024502
570,2L07570003149,2017/7/29 15:39,正常,2018/6/28 0:00,116.31,39.99,1HB173025010
571,2HC174000253,2017/6/7 9:55,正常,2018/6/16 21:58,113.1500222,23.008881,1HV180209187
572,2L07570040627,2017/7/27 14:07,正常,2018/6/27 12:18,113.1353234,23.0480238,1JB172906080
573,2YX1746000286,2017/7/19 10:34,正常,2018/6/17 13:14,113.1532831,23.0124276,1HB172511669
574,,2017/6/15 20:05,正常,2018/6/24 16:49,113.2025505,23.0200149,1HV180105305
575,2CC1723308728,2017/6/23 14:30,正常,2018/6/23 10:24,113.1078095,23.0444811,1HB172026364
576,2L07570013584,2017/6/15 19:53,正常,2018/6/25 8:31,113.170553,23.028673,1EB172102585
577,2GU173924237,2017/8/25 10:45,正常,2018/6/23 21:12,113.1152875,23.0149552,1JB172523886
578,2FX1747010257,2017/7/10 9:37,正常,2018/6/27 23:02,113.1291816,23.0208879,1HV180104949
579,2L07570035844,2017/7/3 15:30,正常,2018/6/20 6:57,113.1178101,23.0670554,1JB172523340
580,2L07570037400,2017/7/10 13:31,正常,2018/6/19 6:09,113.1131185,22.9137473,1JB172614276
581,2LC0280162342,2017/7/1 15:48,正常,2018/6/27 19:21,103.9194729,30.7504489,1KB172325964
582,2L00200367339,2017/6/23 13:29,正常,2018/6/20 6:13,113.1116235,23.1210392,1HB172355862
583,2L07570039903,2017/6/22 22:05,正常,2018/6/17 19:04,113.2422426,23.0346381,1HV180105394
584,NULL,2017/6/22 8:09,正常,2018/6/27 23:10,113.154394,23.03839898,1HB172328238
585,2GC172582731,2017/6/21 15:31,正常,2018/6/27 19:33,113.142628,23.0421536,1HV180101370
586,2YC172508609,2017/6/18 0:15,正常,2018/6/27 18:23,113.1271417,22.9858596,1KB172321117
587,2L00200411627,2017/6/21 16:26,正常,2018/6/21 11:41,113.2047407,23.1257123,1KB172423249
588,2L00200466992,2017/7/1 15:48,正常,2018/6/26 23:49,113.1002387,23.0397526,1RB172400814
589,,2017/7/6 9:32,正常,2018/6/27 20:38,113.1049786,23.0166385,1RB172510687
590,2CC1742035785,2017/6/22 12:27,正常,2018/6/26 18:16,113.1370643,23.0613346,1HV180105121
591,2L00200215844,2017/6/27 8:47,正常,2018/6/18 14:09,112.9861233,23.079228,1JB172332331
592,2L07570037767,2017/7/8 16:33,正常,2018/6/23 18:53,113.1757359,23.093597,1RB172620776
593,2L00200172769,2017/7/5 9:43,正常,2018/6/25 8:43,113.1515335,23.0231261,1RB172620291
594,,2017/7/9 20:03,正常,2018/6/21 18:15,113.1501853,23.0124327,1RB172715453
595,2GC171644686,2017/7/13 9:41,正常,2018/6/22 11:58,113.15211,23.035809,1HV180105739
596,,2017/7/27 10:59,正常,2018/6/27 22:14,113.1240302,23.0318137,1JB172908340
597,2YX1747008509,2017/7/30 9:49,正常,2018/6/26 22:49,113.1274523,23.0454731,1KB173001731
598,,2017/7/21 15:09,正常,2018/6/27 8:49,113.140003,23.0595752,1HB172909779
599,2L07570001760,2017/7/30 11:24,正常,2018/6/20 19:53,113.1436374,23.0674921,1HB173022254
600,2L07570017679,2017/7/31 11:28,正常,2018/6/26 21:49,113.118645,23.0246289,1HB173024487
601,2L00200433406,2017/7/5 15:35,正常,2018/6/21 21:56,113.3512744,23.0970681,1HB172548743
602,2L07570000536,2017/7/5 11:05,正常,2018/6/19 7:14,113.1427262,23.0190346,1HB172624767
603,2CC1742049247,2017/7/9 14:52,正常,2018/6/18 14:22,113.127497,22.9959006,1HB172708349
604,2L00200383542,2017/7/11 11:00,正常,2018/6/27 21:57,113.139548,23.004535,1SC1725115166
605,2L07570037686,2017/8/5 14:40,正常,2018/6/27 19:57,113.10401,23.041018,1SC1727038901
606,2L07570003968,2017/8/5 11:33,正常,2018/6/27 23:19,113.089579,23.037263,1SC1727038062
607,2L00200242292,2017/7/17 10:55,正常,2018/6/27 19:49,113.145194,23.015156,1SC1727052828
608,2L07570026772,2017/7/16 16:20,正常,2018/6/27 20:13,113.0552128,23.04683271,1DC1724091424
609,2L00200463289,2017/7/17 9:31,正常,2018/6/27 21:39,113.107099,23.028565,1DC1724108736
610,2L07570018125,2017/7/26 11:56,正常,2018/6/24 13:16,113.0980301,23.01749992,1DC1727056194
611,2L07570036490,2017/7/25 17:08,正常,2018/6/28 0:04,113.107297,23.008178,1DC1728049488
612,2L00200298222,2017/8/1 14:41,正常,2018/6/27 22:10,113.112051,23.035827,1SC1728014531
613,,2017/8/1 15:23,正常,2018/6/16 12:28,113.192825,23.021149,1DC1727112132
614,2GC171641422,2017/9/24 15:52,正常,2018/6/25 11:08,113.124858,22.981084,1DC1732012508
615,,2017/8/5 10:55,正常,2018/6/27 17:43,113.134171,23.04003,1DC1728080466
616,2L07570007553,2017/7/26 11:33,正常,2018/6/27 22:44,113.129585,23.02979,1SC1728027343
617,2L07570037019,2017/7/22 14:44,正常,2018/6/27 22:29,113.106199,22.912696,1SC1728024528
618,2L07570000151,2017/7/23 16:03,正常,2018/6/27 22:42,113.109771,23.03836,1SC1728021372
619,2L07570020384,2017/8/7 10:21,正常,2018/6/26 22:21,113.1500833,23.0292559,1DC1728071981
620,2L00200261483,2017/7/19 10:55,正常,2018/6/27 23:51,113.2501644,23.1849916,1DC1727073258
621,,2017/7/26 10:09,正常,2018/6/27 19:19,113.117352,23.04152,1DC1728075929
622,2GC171641723,2017/9/25 8:44,正常,2018/6/27 21:26,113.118767,22.989006,1DC1731013406
623,2GC171644732,2017/9/22 8:36,正常,2018/6/27 20:15,113.152453,22.992964,1DC1732012086
624,2GC171644589,2017/9/22 17:12,正常,2018/6/24 0:28,113.213387,23.064216,1DC1732020864
625,2GC172485184,2017/8/15 6:32,正常,2018/6/27 21:46,113.1396116,22.92726402,1SC1731043218
626,2GU1741023477,2017/10/25 13:46,正常,2018/6/25 19:45,113.10362,23.02231,1SC1731020713
627,2GC171640042,2017/9/22 13:49,正常,2018/6/27 12:33,113.180065,23.052456,1SC1730064902
628,2L07570033466,2017/11/9 10:27,正常,2018/6/27 20:01,113.046315,23.024269,1SC1733057879
629,2GC171630867,2017/9/3 20:42,正常,2018/6/27 21:15,113.104091,23.007222,1SC1733132368
630,2HC172612944,2017/8/25 21:18,正常,2018/6/27 21:27,113.225795,23.098183,1SC1733036500
631,2GC173471402,2017/9/3 10:29,正常,2018/6/27 19:04,113.13045,23.033554,1SC1733100433
632,2GC173276723,2017/9/1 18:25,正常,2018/6/27 22:46,113.05578,23.078585,1SC1733066787
633,2HC172600826,2017/8/28 20:53,正常,2018/6/27 23:36,113.193374,23.141453,1SC1733110899
634,2GC171642603,2017/9/26 9:42,正常,2018/6/20 5:46,113.142627,23.015993,1DC1733006097
635,2HC172617953,2017/8/26 15:23,正常,2018/6/27 21:51,113.214733,23.023432,1SC1732071871
636,2L07570002861,2017/8/19 16:16,正常,2018/6/27 18:19,113.218505,23.033491,1SC1732096280
637,2L00200412647,2017/8/19 14:31,正常,2018/6/27 23:36,113.2079167,23.15679253,1SC1732089648
638,2YX1737004751,2017/9/29 15:23,正常,2018/6/27 17:42,113.138399,23.030068,1PC1734014196
639,2GC173277533,2017/8/31 18:42,正常,2018/6/27 19:23,113.128443,23.001768,1SC1733012187
640,2L00200026909,2017/9/5 21:37,正常,2018/6/27 19:10,113.133263,23.03594,1DC1732047405
641,2FX1743044443,2017/9/4 21:25,正常,2018/6/27 20:23,113.071375,23.027583,1PC1734060509
642,2HC174309915,2017/9/20 10:34,正常,2018/6/25 6:08,113.131556,23.03249,1SC1734027572
643,,2017/10/24 11:35,正常,2018/6/18 2:00,113.024945,22.998682,1PC1734057014
644,2L00200171864,2017/10/27 10:38,正常,2018/6/27 21:45,113.148313,23.050744,1SC1734097750
645,,2017/7/22 16:08,正常,2018/6/27 7:41,113.127021,23.049519,1DC1725050847
646,2L00200360535,2017/7/21 16:46,正常,2018/6/27 22:47,113.234796,23.18016,1SC1727058077
647,2L00200054166,2017/7/20 15:59,正常,2018/6/27 21:27,113.201218,23.111604,1DC1727022870
648,,2017/7/20 13:26,正常,2018/6/27 17:32,113.149676,23.044478,1SC1726008252
649,,2017/7/18 14:04,正常,2018/6/27 17:59,113.0479519,23.0286155,1DC1725079282
650,2L07570039590,2017/7/18 13:20,正常,2018/6/27 22:39,113.1499506,23.0285878,1DC1725034128
651,,2017/7/18 15:02,正常,2018/6/27 19:37,113.164641,23.02013,1SC1726035897
652,2L07570016933,2017/7/18 10:53,正常,2018/6/27 20:44,113.144006,23.018569,1SC1726032798
653,2L00200171836,2017/7/18 10:51,正常,2018/6/26 9:23,113.157914,23.0021,1DC1725047111
654,,2017/7/22 8:54,正常,2018/6/27 17:43,116.31,39.99,1DC1727020639
655,2HX1752023419,2017/7/27 17:26,正常,2018/6/27 20:52,113.209522,23.032063,1SC1727070613
656,,2017/7/28 15:52,正常,2018/6/27 12:45,113.245215,23.111523,1DC1728015922
657,2L00200388101,2017/7/29 15:54,正常,2018/6/27 15:47,113.142658,23.014321,1DC1727014225
658,,2017/7/29 15:36,正常,2018/6/27 22:36,113.117746,22.996296,1DC1727027049
659,2L07570034653,2017/7/25 14:26,正常,2018/6/27 15:10,113.113044,23.042898,1DC1728029757
660,,2017/7/29 13:26,正常,2018/6/27 19:49,113.102933,23.019484,1SC1727123309
661,2L07570006755,2017/7/31 11:04,正常,2018/6/27 19:28,113.1152135,22.9622442,1SC1727103875
662,2GC172377949,2017/8/9 17:12,正常,2018/6/21 14:19,113.13777,23.012785,1DC1730070587
663,2GC172479495,2017/8/10 17:27,正常,2018/6/27 17:44,113.107928,22.986091,1DC1730067460
664,2GC171632709,2017/9/2 10:20,正常,2018/6/27 22:26,113.126045,23.04317,1SC1733043355
665,2GC171632781,2017/9/3 15:36,正常,2018/6/27 17:35,113.0434304,22.9344789,1SC1733117841
666,2HC172611237,2017/8/24 10:39,正常,2018/6/27 23:06,113.082639,23.027395,1SC1733045262
667,2GC173270415,2017/8/25 14:15,正常,2018/6/27 21:39,113.144647,23.038525,1SC1733026302
668,2HC172615633,2017/8/24 14:32,正常,2018/6/27 18:53,113.126849,22.995965,1SC1733024312
669,2L07570035928,2017/8/23 10:17,正常,2018/6/27 20:47,113.130808,23.023633,1SC1733055966
670,2GC171639750,2017/9/10 14:53,正常,2018/6/25 15:20,113.11252,22.987701,1DC1734079447
671,2IC173416607,2017/9/24 10:56,正常,2018/6/17 13:28,113.1598671,23.0125309,1DC1734024925
672,2HC174001182,2017/9/18 21:46,正常,2018/6/26 14:07,113.085847,23.031881,1DC1734108196
673,NULL,2017/4/14 9:58,正常,2018/6/16 19:45,113.1209467,23.03244276,
674,2L00200461773,2017/9/16 17:04,正常,2018/6/27 18:41,113.2271946,23.0825803,1DC1733188705
675,,2017/9/21 10:01,正常,2018/6/24 21:08,113.08661,23.010279,1DC1735022945
676,2GC172318471,2017/9/15 9:26,正常,2018/6/27 18:09,113.107314,23.039879,1DC1735158234
677,2GC172317879,2017/9/15 16:45,正常,2018/6/27 17:30,113.127078,22.99937,1DC1735160914
678,2GC173472095,2017/9/4 18:59,正常,2018/6/27 16:45,113.114263,23.034902,1DC1733066136
679,2GC172318448,2017/9/15 19:55,正常,2018/6/18 0:32,113.1901,23.022001,1DC1735076271
680,2GU1741028349,2017/10/21 14:14,正常,2018/6/18 18:32,113.129427,23.019038,1SC1733160880
681,,2017/7/30 9:41,正常,2018/6/20 2:44,113.1379769,23.0208266,1EB172901827
682,2L07570000820,2017/8/28 10:34,正常,2018/6/18 18:14,113.1070036,23.00177,1TB172925452
683,2L07570002478,2017/9/9 9:09,正常,2018/6/23 14:30,113.149554,23.0289562,1TB173410059
684,NULL,2017/4/14 9:58,正常,2018/6/24 18:08,113.12482,23.068121,
685,NULL,2017/4/14 9:58,正常,2018/6/25 17:53,113.124756,23.064579,
686,2L07570018095,2017/9/20 13:51,正常,2018/6/27 22:04,113.1419111,23.0437614,1TB173320214
687,2L07570038754,2017/9/4 16:47,正常,2018/6/22 23:41,113.1234836,22.9653711,1TB173426159
688,2L07570037553,2017/9/3 9:47,正常,2018/6/20 20:52,113.111001,23.0266393,1TB173432809
689,2L07570010389,2017/8/25 10:37,正常,2018/6/22 0:14,113.1314901,23.031496,1TB173114183
690,2L07570003712,2017/8/13 16:14,正常,2018/6/27 9:18,113.1188995,22.9958596,1TB172976734
691,2L07570040610,2017/8/25 14:11,正常,2018/6/23 18:12,113.1440782,23.0124712,1TB173120121
692,2L07570015870,2017/9/5 11:20,正常,2018/6/26 22:53,113.1251934,23.0171653,1TB173322972
693,,2017/9/2 9:44,正常,2018/6/27 23:37,113.1497002,23.0274021,1TB173402375
694,2L07570013991,2017/9/12 15:40,正常,2018/6/27 19:49,113.146857,23.038144,1EB173209580
695,2L07570030250,2017/8/29 9:28,正常,2018/6/23 16:38,113.1220551,23.0273942,1EB173305422
696,NULL,2017/9/12 22:44,正常,2018/6/24 16:05,113.08797,22.946684,NULL
697,NULL,2018/6/13 9:42,正常,2018/6/25 18:10,113.11116,23.036385,1a965f77705e7225342033cf81b64e8d
698,NULL,2018/6/10 15:03,正常,2018/6/27 20:58,113.158257,23.042896,432972466214f4461adee8081f83f22f
699,2L00200550358,2018/5/16 16:49,正常,2018/6/25 7:10,113.2083303,23.11555664,e7d1f164f7c1f2f406fdcf6fa67ac2f7
700,NULL,2018/4/18 10:28,正常,2018/6/24 15:13,113.141335,23.01372,abf137f26fb8d9503dacc6cd3702c115
701,NULL,2018/5/10 10:06,正常,2018/6/20 6:08,113.128152,23.106458,69fc536dc73429226fd3746402b9f93d
702,NULL,2017/6/15 18:12,正常,2018/6/21 19:16,113.16141,23.02394,
703,NULL,2017/7/1 15:46,正常,2018/6/22 15:43,113.1541,23.03566,NULL
704,NULL,2018/3/30 13:43,正常,2018/6/27 20:25,113.111623,22.9830127,3eee06d86da082b4ae46bf1ccc01b510
705,,2017/12/29 17:07,正常,2018/6/26 17:36,113.1248386,23.05942925,5528d6ca46900b27f87edaadaabed4ab
706,NULL,2018/4/4 17:42,正常,2018/6/22 17:45,113.1348258,23.04915989,ad96ab6d52bf562b6d849c7a30455263
707,NULL,2018/5/6 18:02,正常,2018/6/27 18:12,113.11029,23.049665,401604d16d38456496c01023a0b34b4d
708,,2017/12/29 14:33,正常,2018/6/17 19:53,113.1845245,23.02665066,42518b68a104e0dbe2d64b882dff5ef5
709,,2018/3/11 10:19,正常,2018/6/22 18:49,113.07989,23.037352,513a5f6e4555f81beeca07cb66c90d9c
710,NULL,2017/9/12 22:47,正常,2018/6/22 21:09,113.09273,22.989624,NULL
711,NULL,2018/5/2 15:47,正常,2018/6/27 18:20,113.150394,23.054777,a1065b8d8b17556b36c26be96b3ddd60
712,,2018/4/7 16:49,正常,2018/6/20 18:02,113.172615,23.143902,a7538354ea4bc27b96eb26718dbe1dd6
713,NULL,2018/4/28 17:24,正常,2018/6/26 8:52,113.16001,23.023045,9025764563d01b2b0eff664ff6584676
714,NULL,2018/5/5 13:20,正常,2018/6/23 16:41,113.13219,23.032806,7c388d037b334e8ab2c33992e0fae288
715,NULL,2018/5/15 14:11,正常,2018/6/26 14:08,113.155592,23.028606,114bcea8a018b090b40e13aa3030645d
716,NULL,2018/5/7 15:11,正常,2018/6/23 10:50,113.11504,23.003792,eafa61a50b14cdf7e5dc36069e35facf
717,,2018/1/10 16:41,正常,2018/6/27 16:14,113.14454,23.031988,40d30f1fcd12b3e8c9d7d96abb04ec57
718,NULL,2018/4/13 15:10,正常,2018/6/27 10:15,113.12277,23.010246,a0969690a9d2cbf3febaf6fb9ca96704
719,,2018/6/22 15:00,正常,2018/6/23 15:28,113.1203,23.043945,247add8c1f4fd7cf2353ba14636c3c76
720,,2018/1/20 15:16,正常,2018/6/27 16:19,113.12968,23.049976,642198fe7fb248468914c36155005102
721,NULL,2018/5/6 12:00,正常,2018/6/21 11:39,113.115593,23.0078,50648b2770f0a9f47b7d0abdb068719b
722,NULL,2018/4/19 15:43,正常,2018/6/27 18:58,113.10324,23.016527,ac7eda88271a902c9575d8540f0bc629
723,,2017/12/26 16:19,正常,2018/6/22 7:43,113.1096501,23.02904405,4ef0e8ab4d1fe23fbb40b063a6f61953
724,NULL,2017/6/7 9:56,正常,2018/6/27 19:40,113.154594,23.055258,
725,NULL,2017/6/7 9:56,正常,2018/6/23 17:17,113.11095,23.007986,
726,NULL,2017/9/12 22:47,正常,2018/6/18 9:53,116.39739,39.90886,NULL
727,NULL,2018/6/20 16:19,正常,2018/6/21 8:29,113.112724,23.036112,563464af3330e3e4354927b2ebe04ba9
728,NULL,2018/6/20 15:19,正常,2018/6/22 21:04,113.140056,23.063551,21bb4ff4dc902b204f468408827fe303
729,NULL,2018/6/11 14:02,正常,2018/6/21 19:11,113.13214,22.98741,7d5af57430f55518cfd679ec0316422d
730,NULL,2018/6/26 17:59,正常,2018/6/26 22:45,113.109085,23.004894,84fad219fb72249233679dfe23370acc
731,NULL,2018/6/5 16:12,正常,2018/6/27 7:43,113.130356,22.985367,cd7bc8f2c5e868afc88cf77adff27570
732,NULL,2018/6/3 15:05,正常,2018/6/24 13:30,113.203828,23.15007,4bc5644d64d54f313c5d648903155f44
733,NULL,2018/6/4 18:04,正常,2018/6/26 19:14,113.13025,23.01949,c150a2c1857824651061bd3ec1e988b8
734,NULL,2018/6/9 13:36,正常,2018/6/19 8:27,113.129196,23.035664,a1525bd948ec9f5ac6173c489892c84b
735,,2017/8/14 9:30,正常,2018/6/20 13:55,104.018425,30.768513,1RB173200164
736,,2017/8/9 8:43,正常,2018/6/21 16:16,113.1405311,23.0372171,1RB173115418
737,2L07570022545,2017/9/22 9:37,正常,2018/6/25 20:25,113.11904,23.0275901,1NB173512205
738,,2017/9/20 10:21,正常,2018/6/27 21:54,113.1092,23.039171,1NB173531144
739,2L07570003186,2017/9/16 9:19,正常,2018/6/19 16:52,113.1722914,23.0442562,1NB173525208
740,2L07570026259,2017/9/21 13:03,正常,2018/6/25 16:57,113.1412305,23.0319341,1NB173525219
741,2L07570000302,2017/9/20 9:34,正常,2018/6/21 11:16,113.1341124,23.0145369,1NB173525858
742,2CC1744040866,2017/10/19 15:25,正常,2018/6/27 11:39,113.2138,23.097357,1PC1735829883
743,2L00200198050,2017/11/16 9:41,正常,2018/6/27 18:58,113.414943,23.074994,1SC1741046632
744,2CC1744036635,2017/10/18 13:13,正常,2018/6/27 18:44,113.100335,22.879605,1PC1735788165
745,2L00200438394,2017/10/16 11:33,正常,2018/6/27 19:08,113.138948,23.040428,1DC1739048290
746,2GC172255449,2017/11/9 10:46,正常,2018/6/27 8:19,113.191946,23.195845,1SC1741044274
747,2L00200186374,2017/10/31 15:11,正常,2018/6/27 15:44,113.207367,23.162955,1SC1739038899
748,2L00200546248,2017/10/30 10:05,正常,2018/6/27 19:57,113.214986,23.163903,1SC1741052494
749,2L00200117227,2017/11/4 11:23,正常,2018/6/27 22:37,113.162728,23.002282,1SC1741024333
750,2IC1745013913,2017/11/8 13:45,正常,2018/6/27 21:37,113.25044,23.117971,1PC1741149023
751,2L07570002220,2017/11/15 11:44,正常,2018/6/27 7:51,113.105276,23.028701,1PC1744380412
752,,2017/11/15 11:44,正常,2018/6/27 18:28,113.0712299,22.8627371,1PC1743068987
753,2YX1748009136,2017/12/13 15:01,正常,2018/6/27 20:10,113.266283,22.899329,1SC1741028924
754,2YX1746006152,2017/11/18 13:48,正常,2018/6/27 17:39,113.1313886,23.0506207,1SC1741050996
755,2YX1746004965,2017/11/17 13:47,正常,2018/6/27 20:44,113.1036865,22.9383898,1SC1741045435
756,2YX1746006377,2017/11/18 9:34,正常,2018/6/27 20:00,113.052388,23.01586,1PC1744394943
757,,2018/1/8 10:31,正常,2018/6/27 16:02,113.132935,23.035421,1PC1741005338
758,2L00200313606,2017/12/7 10:01,正常,2018/6/27 19:48,113.201594,23.165641,1PC1741185526
759,2L07570014729,2017/12/12 12:05,正常,2018/6/27 19:00,113.147893,23.034271,1SC1739023760
760,2YX1748009875,2017/11/20 9:27,正常,2018/6/25 21:06,113.204746,22.923352,1PC1741186685
761,2GC1737077474,2017/11/12 9:40,正常,2018/6/26 22:35,113.10148,23.058588,1PC1741074420
762,2YX1748001413,2017/11/21 14:52,正常,2018/6/27 21:35,113.128187,23.036344,1PC1741199421
763,2L00200340416,2017/12/6 11:31,正常,2018/6/27 18:35,113.273315,23.130314,1PC1741213624
764,2BC1742006756,2017/10/29 16:10,正常,2018/6/17 16:32,113.20005,23.11765,1PC1738165629
765,2L00200342348,2017/12/11 9:13,正常,2018/6/27 12:49,113.205888,23.135007,1PC1741196885
766,,2017/11/3 11:42,正常,2018/6/27 8:45,113.199373,23.199247,1SC1741066716
767,2GC1739071275,2017/11/16 14:18,正常,2018/6/27 16:15,113.071272,22.964827,1PC1735930363
768,2L07570024599,2017/12/12 15:05,正常,2018/6/27 14:49,113.082243,22.936761,1SC1741042189
769,2GC1737078843,2017/11/11 19:08,正常,2018/6/27 18:37,113.1343,22.961626,1PC1741164771
770,2L00200431949,2017/11/25 9:54,正常,2018/6/27 16:31,113.218381,23.099538,1PC1741220807
771,2YX1746007493,2017/11/18 19:22,正常,2018/6/27 9:46,113.1095991,23.0524637,1PC1744347754
772,2FX1746045001,2017/11/17 12:17,正常,2018/6/27 17:47,113.145401,23.036559,1PC1743547789
773,2FX1744009464,2017/11/23 17:26,正常,2018/6/25 2:27,113.129359,23.023138,1PC1744337320
774,2L07570002705,2017/11/15 15:58,正常,2018/6/22 16:27,113.13134,23.03441,1PC1743094190
775,2GC172319141,2017/11/23 17:25,正常,2018/6/27 21:49,113.1417665,23.00838081,1PC1743069207
776,2L07570004155,2017/11/17 16:45,正常,2018/6/27 10:34,113.130434,23.020325,1PC1744313559
777,2HC1751212742,2017/11/17 11:08,正常,2018/6/27 22:01,113.258568,23.017513,1PC1744315491
778,2L07570013385,2017/11/24 17:45,正常,2018/6/27 21:11,113.106664,23.034815,1PC1743064783
779,2L07570011983,2017/11/26 14:03,正常,2018/6/27 18:45,113.092237,23.00696,1PC1743201950
780,2YC172509137,2017/11/30 15:55,正常,2018/6/27 21:58,113.237647,23.062171,1PC1746086777
781,2L07570015908,2017/11/30 14:25,正常,2018/6/27 12:34,113.121017,23.113564,1PC1746040528
782,2L07570012577,2017/11/23 15:58,正常,2018/6/27 16:58,113.135603,23.04246,1PC1743338074
783,2L00200154414,2018/1/3 9:30,正常,2018/6/15 18:40,113.18333,23.113073,1ZP1745025198
784,,2018/1/11 9:36,正常,2018/6/17 20:33,113.1543454,23.07190186,1ZP1746019923
785,2L07570020341,2017/12/8 11:18,正常,2018/6/24 14:24,113.1320405,23.0315655,1ZP1745016296
786,2L07570030864,2017/12/19 10:38,正常,2018/6/27 22:07,113.1122738,23.03602892,1ZP1745028712
787,2L07570020351,2017/12/8 15:55,正常,2018/6/20 19:45,113.17161,23.038477,1ZP1745016128
788,,2018/1/10 9:27,正常,2018/6/27 19:42,113.131935,23.039085,1ZP1746009929
789,2YX1738000375,2017/10/9 10:33,正常,2018/6/20 2:17,113.097511,22.982273,1PC1734175738
790,2HC173900608,2017/9/6 21:16,正常,2018/6/27 19:02,108.317035,22.862419,1SC1735026206
791,2L00200253414,2017/9/12 17:38,正常,2018/6/27 17:37,113.181965,23.119601,1PC1734155155
792,2HC174001237,2017/9/18 20:06,正常,2018/6/27 9:34,113.20643,23.106743,1SC1734057580
793,,2017/9/18 16:26,正常,2018/6/27 17:25,113.0546254,23.053355,1SC1734042566
794,,2017/9/19 14:57,正常,2018/6/27 18:29,113.1073994,22.9854069,1SC1734005101
795,2L00200471391,2017/9/14 9:20,正常,2018/6/27 21:10,113.211328,23.137987,1PC1735776829
796,2L00200117448,2017/9/19 11:09,正常,2018/6/27 21:20,113.10069,23.031741,1PC1735104019
797,2L00200228733,2017/9/17 10:06,正常,2018/6/27 20:03,113.414181,23.082847,1PC1735102069
798,2GU173921204,2017/9/28 16:43,正常,2018/6/27 8:53,113.1731095,23.06726454,1PC1735126061
799,2AC1742009763,2017/10/10 17:40,正常,2018/6/27 18:09,113.115999,22.985869,1PC1735611489
800,2AC1742009761,2017/10/10 17:34,正常,2018/6/27 19:58,113.078122,23.007466,1PC1735166288
801,2L00200359217,2017/9/23 17:07,正常,2018/6/27 17:33,113.20068,23.137497,1SC1737006212
802,2IC1743023008,2017/10/26 19:41,正常,2018/6/27 23:21,113.161931,23.036841,1PC1735495104
803,2GC171641957,2017/9/28 14:28,正常,2018/6/27 20:05,113.106497,23.032149,1PC1735521757
804,2FX1744044919,2017/10/26 18:59,正常,2018/6/27 18:19,113.186514,23.04466,1PC1739046999
805,2FX1742075856,2017/10/29 15:26,正常,2018/6/27 23:11,113.19918,23.178337,1PC1735651102
806,2L07570007137,2017/10/9 15:34,正常,2018/6/27 21:44,113.073245,22.993618,1PC1735678613
807,2IC174063332,2017/10/13 18:51,正常,2018/6/27 20:00,113.114099,22.977052,1PC1735511812
808,2L07570037922,2017/9/21 15:37,正常,2018/6/23 21:15,113.200584,23.021336,1SC1735068223
809,2YX1738005972,2017/9/26 9:12,正常,2018/6/27 18:15,113.10046,23.008266,1DC1736092359
810,2IC1742011075,2017/10/21 10:41,正常,2018/6/27 19:17,113.078077,23.028816,1SC1737054568
811,2HC175000780,2017/10/5 15:25,正常,2018/6/26 7:29,113.142227,22.957022,1DC1734247760
812,2GU174062831,2017/10/24 18:29,正常,2018/6/26 10:48,113.1022751,23.0489488,1SC1738035618
813,2CC1743032480,2017/10/20 11:10,正常,2018/6/27 0:20,113.18487,23.061898,1SC1738046289
814,NULL,2017/4/14 9:58,正常,2018/6/26 18:45,113.050853,23.013966,
815,2CX1744021297,2017/10/29 9:02,正常,2018/6/26 18:58,113.093777,22.969473,1SC1740026450
816,2GC1742056859,2017/11/24 15:04,正常,2018/6/27 16:55,113.250819,22.727936,1DH1739004629
817,2IC1743016503,2017/10/25 8:57,正常,2018/6/27 20:07,113.13936,23.038798,1DC1739086771
818,2CC1744040946,2017/10/19 18:10,正常,2018/6/27 15:45,113.199381,23.105751,1SC1738106470
819,2L07570037969,2017/10/29 16:46,正常,2018/6/20 2:08,116.39739,39.90886,1SC1741068603
820,2IC1743022180,2017/10/24 14:35,正常,2018/6/27 20:02,113.249252,22.908418,1SC1738081549
821,2IC1743017740,2017/10/25 9:50,正常,2018/6/27 23:30,113.139032,23.038281,1SC1739079016
822,2IC1742009973,2017/10/20 13:42,正常,2018/6/27 17:34,113.1062402,23.0278035,1SC1739066904
823,2IC1742007727,2017/10/19 14:22,正常,2018/6/27 21:02,113.155266,23.028988,1SC1739048983
824,2IC1743017055,2017/10/25 10:15,正常,2018/6/26 0:16,116.31,39.99,1DC1734172260
825,2IC1742012765,2017/10/22 13:00,正常,2018/6/27 20:59,113.154031,23.016505,1SC1737201520
826,2IC1743014082,2017/10/23 10:28,正常,2018/6/22 19:17,113.050751,23.020476,1SC1740010110
827,2CX1743004294,2017/10/28 20:02,正常,2018/6/27 22:59,113.091564,22.993744,1SC1740048620
828,2CC1745065344,2017/10/23 20:07,正常,2018/6/27 15:45,113.199195,23.175199,1PC1735009663
829,2IC1743020770,2017/10/23 14:13,正常,2018/6/27 23:25,113.1122946,23.00775959,1SC1737066793
830,2IC1743020740,2017/10/23 14:39,正常,2018/6/27 23:55,113.109508,22.99621,1DC1736061369
831,2L00200072381,2017/11/6 15:34,正常,2018/6/26 4:00,113.198848,23.111467,1DC1741034457
832,2L00200416374,2017/11/11 15:54,正常,2018/6/27 18:55,113.192284,23.123971,1DC1742019203
833,2IC1743023309,2017/10/27 14:01,正常,2018/6/27 16:58,113.152134,23.00268,1DC1742017126
834,2FX1745013324,2017/10/29 9:59,正常,2018/6/27 19:43,113.147747,23.027787,1SC1739077746
835,2BC1741020749,2017/10/29 10:48,正常,2018/6/27 20:31,113.07269,22.913831,1YC1742001329
836,2L05100002153,2017/12/27 15:19,正常,2018/6/27 13:29,120.301456,31.571312,1YC1749082937
837,2YX1745004567,2017/11/10 11:01,正常,2018/6/27 21:16,113.11348,23.040937,1ZC1743018936
838,2GC171643339,2017/10/27 16:03,正常,2018/6/19 17:55,113.1082,23.007254,1ZC1742003078
839,2YX1747005135,2017/11/6 10:19,正常,2018/6/27 18:23,113.1253602,23.0555227,1YC1742008265
840,2HC1751200417,2017/11/4 20:12,正常,2018/6/27 8:27,113.122608,23.066153,1YC1742008210
841,2YX1745003958,2017/11/9 10:17,正常,2018/6/27 20:00,113.198876,23.078034,1ZC1743022767
842,2FX1745022194,2017/12/11 10:55,正常,2018/6/27 12:17,113.143486,23.05819,1ZC1746022399
843,2AC1743112956,2017/11/23 17:01,正常,2018/6/27 18:09,113.065948,23.028975,1ZC1746005719
844,2AC1745011193,2017/12/31 16:45,正常,2018/6/22 16:46,113.187805,23.141918,1ZC1743029564
845,2GC1739078056,2017/12/30 14:40,正常,2018/6/27 13:30,113.156504,23.094818,1ZC1746003081
846,2HC17512100209,2017/11/7 16:40,正常,2018/6/27 17:24,113.1140411,23.02619276,1ZC1743022076
847,2L07570035440,2017/11/24 10:56,正常,2018/6/27 22:48,113.109656,23.038905,1ZC1746012880
848,2GC173473716,2017/12/9 15:40,正常,2018/6/27 21:42,113.161229,23.02297,1YC1748040978
849,2L07570018923,2017/12/4 10:32,正常,2018/6/26 23:52,113.13381,23.017588,1YC1747025587
850,NULL,2017/6/7 9:52,正常,2018/6/27 18:39,113.21284,23.15231,
851,2FX1744005262,2017/10/26 11:18,正常,2018/6/27 19:08,113.167881,23.070549,1PC1739118922
852,2CC1742032944,2017/10/11 16:17,正常,2018/6/27 17:53,113.066094,23.033034,1PC1735742532
853,2CC1742032052,2017/10/11 15:58,正常,2018/6/27 20:09,113.120087,22.997792,1SC1736081464
854,2CC1743096428,2017/10/9 16:30,正常,2018/6/27 20:11,113.1622424,23.02356494,1PC1735615327
855,2CC1743000586,2017/10/14 17:41,正常,2018/6/27 20:32,113.3392288,23.0850396,1PC1739137533
856,2BX1733006994,2017/10/16 10:22,正常,2018/6/21 18:10,113.13394,23.049372,1PC1735685603
857,2AC1742102151,2017/10/16 10:26,正常,2018/6/27 16:45,113.157659,23.052184,1PC1735055128
858,2CC1745007389,2017/10/23 9:15,正常,2018/6/24 19:11,113.107228,23.018471,1PC1738050047
859,2FX1742064328,2017/10/24 14:11,正常,2018/6/27 22:13,113.15019,23.087286,1PC1739154890
860,,2017/10/28 16:47,正常,2018/6/27 21:06,113.86191,22.576004,1PC1741507304
861,2HC1751001689,2017/10/27 13:07,正常,2018/6/27 19:12,113.127452,22.997759,1PC1738036153
862,2FX1745008558,2017/11/4 16:44,正常,2018/6/27 19:49,112.87438,23.520852,1PC1743828897
863,2AC1743113322,2017/10/21 10:52,正常,2018/6/24 21:47,113.1980344,23.1496243,1PC1735444458
864,2FX1742029574,2017/10/23 8:54,正常,2018/6/27 18:34,113.202271,23.040219,1PC1739203944
865,2CC1744035793,2017/10/18 8:11,正常,2018/6/27 11:41,113.11931,23.003439,1PC1739134977
866,2IC1742008145,2017/10/19 15:53,正常,2018/6/27 14:50,112.884393,22.891204,1PC1735024352
867,2FX1744043937,2017/10/23 22:06,正常,2018/6/27 19:30,113.19384,23.049438,1PC1739169053
868,2L00200153389,2017/11/12 10:56,正常,2018/6/27 22:34,113.170833,23.032277,1PC1741154167
869,2L00200227132,2017/11/12 15:16,正常,2018/6/27 21:29,113.238124,23.131242,1PC1741522055
870,2FX1744000631,2017/10/25 14:14,正常,2018/6/19 8:47,113.16675,23.091486,1PC1738172423
871,2CC1746025180,2017/10/26 8:35,正常,2018/6/23 10:30,113.118572,23.023117,1PC1735455170
872,2BC1741104926,2017/10/28 19:25,正常,2018/6/27 19:44,113.20978,23.118486,1PC1740055889
873,2AC1743107360,2017/10/28 18:21,正常,2018/6/27 19:30,113.158373,23.020885,1PC1741760279
874,2AC1741122510,2017/10/28 14:16,正常,2018/6/27 16:48,113.11935,23.037176,1PC1741760085
875,2YX1748009532,2017/11/20 14:52,正常,2018/6/17 10:42,113.108062,23.044502,1PC1743561891
876,2FX1745029008,2017/11/4 12:52,正常,2018/6/27 20:25,113.0961469,23.040769,1PC1741570060
877,2AC1741115386,2017/10/28 9:23,正常,2018/6/26 7:31,113.112676,23.132033,1PC1743693718
878,2IC1743016377,2017/10/29 11:45,正常,2018/6/27 12:24,113.189028,23.055797,1PC1743678160
879,2AC1741114413,2017/10/29 12:14,正常,2018/6/27 19:16,113.182691,23.048917,1PC1743688209
880,2IC1748037870,2017/11/23 15:00,正常,2018/6/27 20:19,113.1669815,23.06275005,1PC1741842726
881,,2017/11/28 15:30,正常,2018/6/27 18:02,113.185481,23.186558,1PC1741747684
882,2FX1747012149,2017/11/11 19:04,正常,2018/6/26 21:53,113.134449,22.985572,1PC1740093861
883,2CC1746001635,2017/11/2 9:35,正常,2018/6/27 20:28,113.103935,23.021162,1PC1741130563
884,2CX1748018297,2017/11/11 16:04,正常,2018/6/27 19:21,113.08636,23.02725,1PC1741576658
885,2L00200087691,2017/12/2 10:33,正常,2018/6/27 19:53,113.16674,23.045292,1PC1741783814
886,2L07570039430,2017/11/10 11:51,正常,2018/6/21 8:22,113.09838,23.012053,1PC1741729220
887,2L00200175769,2017/12/4 11:31,正常,2018/6/27 21:35,113.100674,23.032046,1PC1741534598
888,2L07570038239,2017/10/29 10:55,正常,2018/6/26 21:56,113.121874,23.044297,1PC1743692833
889,2L00200479145,2017/12/10 16:12,正常,2018/6/27 20:42,113.32927,22.985996,1PC1741740376
890,2FX1745015190,2017/11/8 12:48,正常,2018/6/27 21:19,113.096648,22.97332,1SC1742152231
891,2L00200351730,2017/12/26 9:21,正常,2018/6/27 22:44,113.135936,23.11376,1PC1743656837
892,2L00200198788,2017/12/23 9:21,正常,2018/6/23 18:21,113.13997,23.055641,1PC1741766186
893,2AC1745013112,2017/10/31 13:51,正常,2018/6/27 18:31,113.213871,23.004098,1SC1742120627
894,2FX1745032966,2017/11/6 10:40,正常,2018/6/26 23:29,113.096948,22.903792,1PC1741806289
895,2FX1746000342,2017/11/6 17:50,正常,2018/6/27 15:45,113.18997,23.026652,1PC1741784326
896,2IC1747029514,2017/11/10 15:18,正常,2018/6/27 19:54,113.165101,23.062013,1PC1743878500
897,2HC1751013705,2017/11/11 13:56,正常,2018/6/26 20:02,113.341381,23.210917,1PC1744269704
898,2YX1746003958,2017/11/15 11:32,正常,2018/6/21 17:30,113.097182,22.970613,1PC1744136181
899,,2017/11/4 21:34,正常,2018/6/22 20:23,113.245523,23.034183,1PC1743757895
900,2FX1747001731,2017/11/11 11:09,正常,2018/6/27 20:31,113.166818,23.1403814,1SC1742122391
901,2HX1752015491,2017/11/20 14:09,正常,2018/6/27 20:59,113.123696,23.032393,1PC1744228590
902,2FX1745055727,2017/11/17 16:39,正常,2018/6/27 19:34,113.134789,23.055466,1PC1743183516
903,2FX1746003926,2017/11/15 10:51,正常,2018/6/27 20:59,113.078369,23.041224,1PC1740079828
904,2IC1745012698,2017/11/10 14:06,正常,2018/6/27 19:40,113.143585,23.045359,1PC1741833533
905,2FX1745015813,2017/11/6 19:07,正常,2018/6/27 20:11,113.155628,23.088786,1PC1741863127
906,2FX1746075207,2017/11/17 14:05,正常,2018/6/27 3:39,113.133504,22.985391,1PC1743786731
907,2FX1747023228,2017/11/17 12:34,正常,2018/6/27 14:12,113.164005,22.962928,1PC1743848946
908,2FX1741019476,2017/11/7 9:39,正常,2018/6/27 18:32,113.1171075,22.9948953,1PC1744201387
909,2L07570003090,2017/11/16 14:57,正常,2018/6/27 18:20,113.068336,22.962828,1PC1744349383
910,2L07570003081,2017/11/16 14:58,正常,2018/6/27 22:55,113.1208279,22.9984215,1PC1744350736
911,2ac1745117785,2017/11/10 17:59,正常,2018/6/27 21:42,113.163859,22.948071,1PC1744140060
912,2FX1745063793,2017/11/18 12:53,正常,2018/6/27 17:38,104.224715,30.815953,1PC1743194417
913,2FX1746053159,2017/11/21 18:55,正常,2018/6/27 15:33,113.13536,23.04399,1PC1744282359
914,2HC1751016121,2017/11/8 19:16,正常,2018/6/26 19:28,113.03273,23.07822,1PC1741836787
915,2BC1745003918,2017/11/11 16:48,正常,2018/6/27 22:07,116.334213,37.472916,1PC1743567134
916,2FX1746021648,2017/11/6 18:33,正常,2018/6/27 7:02,113.210771,23.031905,1PC1741864038
917,2FX1746014110,2017/11/8 17:09,正常,2018/6/25 20:46,113.1058157,23.00821316,1PC1744208542
918,2FX1745018814,2017/11/6 19:14,正常,2018/6/20 21:04,113.05307,23.025612,1PC1741811089
919,2FX1746017720,2017/11/8 14:46,正常,2018/6/27 19:13,113.0942499,23.05400336,1SC1742152190
920,2FX1745020142,2017/11/7 15:04,正常,2018/6/27 17:43,113.07231,23.061567,1PC1741906932
921,2IC1746017094,2017/11/16 16:01,正常,2018/6/27 19:51,113.067722,23.03605494,1PC1744378537
922,2HC17512100204,2017/11/11 16:12,正常,2018/6/27 18:41,113.1133602,23.0009679,1PC1744365272
923,2L07570002265,2017/11/14 16:03,正常,2018/6/27 19:25,113.1397475,23.04269151,1PC1744110323
924,2L07570001552,2017/11/13 10:28,正常,2018/6/27 14:50,113.098722,23.06791,1PC1741882619
925,2FX1742071274,2017/11/10 16:19,正常,2018/6/27 18:42,113.047443,23.073057,1PC1744395696
926,2CX1748017442,2017/11/11 15:17,正常,2018/6/27 20:06,113.041417,23.000337,1PC1745009429
927,2HC1751213501,2017/11/12 16:12,正常,2018/6/26 21:05,113.147146,23.035975,1PC1744373563
928,2HX1752022569,2017/11/15 17:11,正常,2018/6/27 21:48,113.085995,22.95829,1PC1744369657
929,2FX1747032749,2017/11/20 11:04,正常,2018/6/27 7:54,113.0687362,23.014936,1PC1746079971
930,2L00200036727,2017/11/26 9:22,正常,2018/6/27 18:26,113.22139,23.095418,1PC1743407773
931,2AC1748007461,2017/11/20 9:21,正常,2018/6/27 20:29,113.194214,23.055881,1PC1743161124
932,2DY1747000473,2018/2/2 16:05,正常,2018/6/27 13:09,113.043716,22.947049,1PC1746267421
933,2L00200260529,2017/12/11 10:24,正常,2018/6/27 20:57,113.24514,23.109474,1PC1746039246
934,,2017/12/1 11:05,正常,2018/6/27 18:29,113.062421,22.994326,1PC1746023749
935,2DY1747000893,2018/2/3 10:06,正常,2018/6/22 8:20,113.12369,22.990496,1PC1743466859
936,2FX1747030742,2017/11/20 12:37,正常,2018/6/27 17:37,113.218655,23.1125,1PC1743255657
937,2FX1747031884,2017/11/20 13:09,正常,2018/6/27 18:43,113.077522,23.06187,1PC1743249394
938,2FX1746051103,2017/11/20 12:29,正常,2018/6/27 19:03,113.152767,23.013743,1PC1743227053
939,2FX1747031010,2017/11/20 12:39,正常,2018/6/17 16:41,113.202896,23.134,1PC1743333394
940,2FX1746051598,2017/11/20 12:22,正常,2018/6/27 8:06,113.145093,22.982284,1PC1743270378
941,2L00200450455,2017/11/19 11:17,正常,2018/6/27 19:46,113.182338,23.12882,1PC1745045550
942,2FX1746041295,2017/11/17 16:33,正常,2018/6/28 0:08,110.354768,20.006983,1PC1743277978
943,2CX1735008942,2017/10/28 17:32,正常,2018/6/28 0:01,113.232496,23.118839,1SC1741070403
944,2L00200027114,2017/11/6 11:19,正常,2018/6/24 14:38,113.153487,23.080486,1SC1741117766
945,2CC1745023437,2017/10/28 10:56,正常,2018/6/27 22:19,113.14436,23.057987,1SC1742086783
946,2HC1751007650,2017/10/31 9:45,正常,2018/6/22 21:40,113.150166,23.032709,1SC1742066839
947,2HC1751000764,2017/10/31 16:17,正常,2018/6/25 22:49,113.217095,23.020965,1SC1738126489
948,2L07570035867,2017/10/29 15:51,正常,2018/6/27 21:23,113.112683,23.025092,1SC1742001463
949,2FX1743015572,2017/10/28 13:13,正常,2018/6/27 20:24,113.107074,22.999995,1DC1736042267
950,2IC1743026048,2017/10/28 16:21,正常,2018/6/26 8:25,113.12479,23.041386,1SC1738111046
951,2CC1746001087,2017/10/27 19:27,正常,2018/6/27 20:53,113.135086,23.058038,1SC1742053767
952,2FX1745028450,2017/11/4 18:26,正常,2018/6/27 19:03,113.15423,23.033311,1PC1741725659
953,2BC1741102892,2017/11/1 13:05,正常,2018/6/27 20:51,113.144262,22.962439,1SC1737160237
954,2CX1744021914,2017/10/28 18:37,正常,2018/6/27 19:42,113.186723,23.09528,1SC1738013904
955,2CX1743005066,2017/10/29 19:40,正常,2018/6/27 12:35,113.042417,23.088769,1SC1738035346
956,2FX1743044662,2017/11/2 15:32,正常,2018/6/27 22:40,113.040894,22.970522,1SC1743013512
957,2FX1745002012,2017/11/1 14:18,正常,2018/6/18 16:39,113.23009,22.996357,1SC1743017217
958,2FX1743015217,2017/11/3 18:11,正常,2018/6/22 8:55,113.118848,23.099675,1PC1743749563
959,2FX1746040734,2017/11/17 19:12,正常,2018/6/25 8:32,113.16447,23.033178,1PC1743821502
960,2HC1751016963,2017/11/7 14:31,正常,2018/6/27 18:18,113.124263,23.176376,1DC1742106184
961,2FX1743044766,2017/11/2 9:50,正常,2018/6/27 18:51,113.059973,22.97568,1PC1743820988
962,2HC1751201620,2017/11/5 9:00,正常,2018/6/27 18:27,113.164726,23.037259,1PC1740044013
963,2HC1751002852,2017/11/2 10:59,正常,2018/6/27 22:43,113.215692,23.036642,1SC1743105494
964,2HC1751016558,2017/11/7 19:37,正常,2018/6/27 19:06,113.105837,23.050342,1SC1743105505
965,2HX1752035751,2017/11/14 15:06,正常,2018/6/22 21:49,113.10175,23.01781,1PC1743721078
966,2IC1747034706,2017/11/14 10:32,正常,2018/6/27 18:15,113.074453,22.989647,1DC1742096097
967,2IC1747036052,2017/11/14 13:36,正常,2018/6/27 17:54,113.010927,22.961162,1SC1743144110
968,2IC1747036951,2017/11/16 18:58,正常,2018/6/27 22:21,113.082926,22.993068,1SC1743125910
969,2HC1751011308,2017/11/9 9:12,正常,2018/6/27 17:53,113.0614243,23.02110863,1SC1743141387
970,2IC1747031019,2017/11/11 13:13,正常,2018/6/27 20:16,113.1109238,23.00330162,1SC1743143009
971,2IC1747036117,2017/11/14 13:37,正常,2018/6/27 22:48,113.106902,23.009262,1SC1744004270
972,2IC1747031311,2017/11/13 14:27,正常,2018/6/27 21:35,113.150792,23.029688,1SC1743144784
973,2GC1737072899,2017/11/7 11:09,正常,2018/6/27 16:39,113.157818,23.036124,1PC1741119684
974,2L07570005740,2017/11/19 20:09,正常,2018/6/25 16:28,113.155917,23.026769,1SC1744136271
975,,2017/11/10 13:58,正常,2018/6/27 17:45,113.042395,22.993547,1PC1743771711
976,2GC1737070624,2017/11/8 11:34,正常,2018/6/23 10:46,113.24776,23.11909,1PC1743502157
977,2HC173910208,2017/11/11 9:07,正常,2018/6/27 23:38,113.091014,22.993053,1PC1743505341
978,2HC1751213516,2017/11/12 16:54,正常,2018/6/27 14:01,113.130564,23.036196,1SC1743139249
979,2FX1747021571,2017/11/14 20:16,正常,2018/6/27 18:25,113.122835,23.03696,1SC1743151998
980,2HX1752019537,2017/11/21 19:07,正常,2018/6/22 10:37,110.329392,25.247937,1SC1744149411
981,2IC1747032090,2017/11/11 15:26,正常,2018/6/27 16:00,113.10002,22.999613,1SC1743149479
982,2HX1752021106,2017/11/15 8:58,正常,2018/6/23 6:28,113.158008,23.024699,1SC1744057847
983,2HX1752007369,2017/11/18 9:57,正常,2018/6/27 15:41,113.114723,23.033475,1SC1744001396
984,2IC1747036181,2017/11/14 10:55,正常,2018/6/27 19:41,113.318045,23.139904,1SC1744035698
985,2L00200253209,2017/11/24 9:30,正常,2018/6/27 12:47,113.158267,23.013614,1SC1745034188
986,,2017/11/24 10:45,正常,2018/6/21 11:20,113.053787,23.001648,1SC1745079601
987,2YX1748008120,2017/11/23 9:08,正常,2018/6/27 11:33,113.16555,23.007263,1SC1744171218
988,2L07570006328,2017/11/20 16:20,正常,2018/6/27 22:49,113.33398,23.141388,1PC1743522818
989,2FC1724078244,2018/6/25 17:19,正常,2018/6/27 23:08,84.906804,45.581409,1SC1744083641
990,2MC1711007525,2017/11/25 19:15,正常,2018/6/27 21:16,113.202503,23.035964,1SC1745017176
991,2LZ3710059454,2017/11/26 14:24,正常,2018/6/21 9:56,113.817415,34.762208,1DC1745009113
992,2L05510123746,2017/11/26 13:09,正常,2018/6/27 20:58,117.270791,31.840785,1SC1745201108
993,,2017/12/21 14:01,正常,2018/6/27 2:47,116.109086,39.82368,1SC1745203152
994,2DY1805003411,2018/2/13 9:27,正常,2018/6/27 14:59,113.059613,23.074571,1SC1745170846
995,NULL,2017/4/14 9:58,正常,2018/6/27 8:40,113.0642931,23.02746419,
996,2GU174068087,2017/11/26 9:49,正常,2018/6/25 0:04,113.088043,22.945127,1SC1745289497
997,2DY1805000288,2018/2/8 1:29,正常,2018/6/27 12:19,113.096714,23.049357,1DC1746036775
998,2L00200153889,2018/4/29 16:54,正常,2018/6/27 20:22,113.2086702,23.15401747,1DC1746059396
999,2L00200541942,2018/5/24 16:41,正常,2018/6/27 18:23,113.182231,23.097779,1DC1746082979
1000,2IC1743024940,2018/5/30 17:04,正常,2018/6/27 22:36,113.1646715,23.02565,1PC1746294990
